	chromosome	position	type_editing	coverage_threshold_used	stability_based_on	stable_mean_autism_editing_level	stable_std_dev_autism_editing_level	stable_mean_normal_editing_level	stable_std_dev_normal_editing_level	stable_number_autism_with_at_least_min_coverage	stable_number_autism_nonzero_editing_and_min_coverage	stable_autism_prevalence	stable_number_normal_with_at_least_min_coverage	stable_number_normal_nonzero_editing_and_min_coverage	stable_normal_prevalence	stable_total_number_individuals_nonzero_editing_and_min_coverage	stable_mann_whitney_p_value	stable_editing_level_effect_size	stable_frequency_fishers_p_value	stable_frequency_OR	stable_prevalence_effect_size	Sample_AN00142_vermis_57	Sample_AN00493_vermis_105x	Sample_AN00544_vermis_103	Sample_AN00764_vermis_63	Sample_AN01093_vermis_108	Sample_AN01125_vermis_24	Sample_AN01410_vermis_69	Sample_AN01570_vermis_60	Sample_AN02987_vermis_1st	Sample_AN03217_vermis	Sample_AN03632_vermis_1st	Sample_AN04682_vermis_2nd	Sample_AN06133-CB_AN06133_vermis_3rd	Sample_AN06420_vermis_54	Sample_AN06875-CB_AN06875_vermis_3rd	Sample_AN07444_vermis_2nd	Sample_AN08043_vermis_1st	Sample_AN08161_vermis_2nd	Sample_AN08166_vermis_87	Sample_AN08677_vermis_2nd	Sample_AN09714_vermis_1st	Sample_AN09730_vermis_120	Sample_AN10028_vermis_117	Sample_AN10679_vermis_2nd	Sample_AN10723_vermis_2nd	Sample_AN10833_vermis_48	Sample_AN11864-CB_AN11864_vermis_3rd	Sample_AN11989_vermis	Sample_AN12137_vermis_21	Sample_AN12240_vermis_9	Sample_AN12457_vermis_36	Sample_AN13295_vermis_90	Sample_AN14757_vermis	Sample_AN15566_vermis_30	Sample_AN16115_vermis_72	Sample_AN16641_vermis_75	Sample_AN17254_vermis_100	Sample_AN17425_vermis	Sample_AN17515_vermis_1st	Sample_AN17678_vermis_1st	Sample_AN17777_vermis_84	Sample_AN19511_vermis_114	Sample_AN19760_vermis_27	Sample_UMB1376_vermis_2nd	Sample_UMB1578_vermis_1st	Sample_UMB4337_vermis_2nd	Sample_UMB4590_vermis_2nd	Sample_UMB4842-CB_UMB4842_vermis_3rd	Sample_UMB4999_vermis_2nd	Sample_UMB5027_vermis_2nd	Sample_UMB5079_vermis_1st	Sample_UMB5115_vermis_1st	Sample_UMB5163_vermis_2nd	Sample_UMB5168_vermis_2nd	Sample_UMB5176_vermis_2nd	Sample_UMB5278_vermis_1st	Sample_UMB5297_vermis_2nd	Sample_UMB5303_vermis_1st	Sample_UMB5340_vermis_1st	Sample_UMB5342_vermis_1st
0	chrY	15499638	A.to.G	5.0	5.0	0.1566687280972357	0.13128310513822453	0.22997354497353334	0.188513655922031	14.0	10.0	0.7142857142857143	15.0	12.0	0.8	22.0	0.33222659723399683	0.07330481687629764	0.6816591704147915	0.625	0.08571428571428574	0.214285714286^3^14	0.333333333333^2^6	0^0^1	0^0^6	0.5^1^2	0.5^4^8	0.142857142857^1^7		0^0^3	0.333333333333^3^9		0^0^1	0^0^3	0.272727272727^3^11	0.111111111111^1^9	0^0^1		0^0^1	0.5^2^4	0^0^7	0.5^1^2	0.4^2^5	0.25^2^8		0^0^9	0.125^1^8	0^0^3	0^0^7	0^0^3	0.222222222222^2^9		0.166666666667^1^6	0.428571428571^3^7			0.0833333333333^1^12	0.2^1^5	0^0^14	0^0^3	0^0^2		0.2^1^5	0.666666666667^4^6	0.5^2^4	0.2^2^10	0.2^1^5	0^0^3	0.25^1^4	0.142857142857^1^7	0^0^5	0^0^2	0.25^2^8	0.5^1^2		0^0^2		0^0^2	0^0^11	0.2^1^5	0.5^1^2
1	chrY	15361992	A.to.G	5.0	5.0	0.11833333333330001	0.13063236511216847	0.11872294372291665	0.1866482484146506	10.0	5.0	0.5	12.0	5.0	0.4166666666666667	10.0	0.5885260398719324	0.00038961038961664307	1.0	1.4	0.08333333333333331	0.142857142857^1^7	0.333333333333^2^6		0^0^4	0^0^2	0^0^7	0^0^4		0^0^1	0^0^8		0^0^2	0^0^6	0^0^5	0^0^3	0^0^2			0^0^3	0^0^2	0^0^3	0^0^5	0^0^7		0^0^2	0^0^8	0.6^3^5	0^0^6	0^0^1	0.333333333333^2^6		0^0^8	0^0^3			0.25^2^8	0.25^1^4	0.181818181818^2^11	0^0^1	0.25^1^4		0^0^4	0^0^4	0.333333333333^1^3	0^0^5	0.333333333333^1^3		0^0^5	0^0^4	0^0^3	0^0^3	0.2^1^5	0^0^3		0.2^1^5		0^0^2	0^0^6	0.2^1^5	0.166666666667^1^6
2	chrY	21100471	A.to.G	10.0	10.0	0.20281385281381667	0.1397262849941029	0.16944444444450002	0.0871885993226837	6.0	6.0	1.0	6.0	5.0	0.8333333333333334	11.0	0.6863110758915425	0.03336940836931665	1.0	inf	0.16666666666666663	0.2^2^10	0^0^7		0.142857142857^1^7	0^0^1	0.2^2^10	0^0^3		0.2^1^5	0.166666666667^2^12		0.5^2^4	0.333333333333^1^3	0.272727272727^3^11	0.272727272727^3^11				0.416666666667^5^12	0.166666666667^1^6	0^0^7	0.2^1^5	0.2^1^5		0.222222222222^2^9	0.2^2^10	0.125^1^8	0.0833333333333^1^12	0^0^3	0.142857142857^1^7		0.25^3^12	0^0^10			0.0714285714286^1^14	0.25^1^4	0^0^9	0.333333333333^1^3	0.285714285714^2^7		0.111111111111^1^9	0.166666666667^1^6	0.5^4^8	0^0^8	0^0^4	0^0^3	0.25^2^8	0.142857142857^1^7	0.142857142857^1^7	0.5^1^2	0.1^1^10	0^0^3		0.142857142857^1^7		0^0^1	0^0^4	0.2^1^5	0^0^2
3	chrY	16844407	A.to.G	5.0		0.35757575757575	0.22002587709919938	0.3555555555555	0.18592445034095878	4.0	4.0	1.0	4.0	4.0	1.0	8.0	0.8824201140755036	0.002020202020249995	1.0		0.0	0.5^2^4	0.666666666667^4^6		0.5^1^2	1.0^1^1	0.6^3^5	0.5^1^2		0^0^2	0.333333333333^1^3				0.2^1^5	0.666666666667^2^3			0^0^1	1.0^1^1	1.0^1^1	0.5^1^2	0^0^2	0.75^3^4			0.333333333333^1^3	1.0^2^2	0.363636363636^4^11	0^0^1	0^0^1		0.2^1^5	0.25^1^4			0.2^1^5	0^0^3	0.222222222222^2^9	0.5^1^2			1.0^3^3	0^0^3	0.5^1^2	0.5^1^2	0.4^2^5		0.75^3^4	0^0^3	0^0^1	0.5^1^2	0^0^4			0.75^3^4		0^0^1	1.0^3^3	1.0^2^2	0.5^1^2
4	chrY	21156996	A.to.G	5.0		0.737037037037	0.12188505682882644	0.7123015873015001	0.25100578731539686	3.0	3.0	1.0	4.0	4.0	1.0	7.0	1.0	0.024735449735499904	1.0		0.0	0.571428571429^4^7	1.0^2^2		1.0^1^1	0.5^1^2	0^0^2	1.0^5^5		1.0^2^2	1.0^1^1					0.5^1^2			0^0^1	1.0^2^2	0.666666666667^2^3	0.75^3^4		1.0^2^2		0.5^1^2	1.0^3^3	0.5^2^4	0.777777777778^7^9	1.0^3^3	0.5^1^2		0.833333333333^5^6	1.0^4^4			0.833333333333^5^6	0.6^3^5	0.444444444444^4^9	0^0^1			0^0^1	0.5^2^4		0.5^1^2	1.0^1^1	0^0^1	0^0^2	1.0^1^1	0^0^2		1.0^1^1	1.0^2^2		0^0^2		0^0^1	1.0^1^1		0^0^1
5	chrY	21166790	A.to.G	5.0		1.0	0.0	0.8683862433863334	0.02952729398582188	2.0	2.0	1.0	6.0	6.0	1.0	8.0	0.05869644241285051	0.1316137566136666	1.0		0.0	0.888888888889^8^9	1.0^1^1		1.0^2^2	1.0^1^1	1.0^3^3	1.0^3^3		1.0^1^1	0.857142857143^6^7		1.0^1^1		1.0^3^3		1.0^1^1			1.0^1^1	1.0^1^1	1.0^3^3	1.0^1^1	0.5^1^2		1.0^2^2	1.0^4^4		1.0^9^9	1.0^2^2	1.0^1^1		1.0^1^1	0.857142857143^6^7			1.0^2^2	1.0^7^7	0.916666666667^11^12	0.666666666667^2^3	1.0^1^1		1.0^2^2	1.0^3^3	1.0^2^2	0.857142857143^6^7	0.833333333333^5^6	1.0^2^2	1.0^1^1	1.0^2^2	0.75^3^4	1.0^1^1		0.75^3^4		1.0^1^1		0.5^1^2		1.0^1^1	1.0^4^4
6	chrY	21166859	A.to.G	5.0		0.5619047619048001	0.3323113585214483	0.8353741496598571	0.1869486278087487	5.0	5.0	1.0	7.0	7.0	1.0	12.0	0.11563791915596122	0.273469387755057	1.0		0.0	1.0^7^7	0.666666666667^2^3	0^0^1	0^0^1	0.5^1^2	1.0^3^3	0^0^1		1.0^1^1	1.0^4^4			1.0^4^4	0.75^3^4	0.666666666667^4^6				1.0^3^3	1.0^1^1	1.0^5^5	0.75^3^4	0^0^1		1.0^5^5	0.666666666667^2^3	1.0^5^5	0.666666666667^6^9		0.8^4^5		0.714285714286^5^7	0.5^3^6			0.142857142857^1^7	1.0^3^3	0.75^3^4		1.0^2^2		1.0^2^2	0.666666666667^2^3	1.0^1^1	1.0^1^1			0.833333333333^5^6	0.333333333333^2^6	0^0^2		0.666666666667^2^3	0^0^3		1.0^3^3					0.25^1^4
7	chrY	21100493	A.to.G	5.0	5.0	0.6139393939394	0.1236378675960413	0.6313301078008235	0.1854443247713804	10.0	10.0	1.0	17.0	17.0	1.0	27.0	0.668393464409649	0.017390713861423546	1.0		0.0	0.222222222222^2^9	1.0^4^4		0.428571428571^3^7	0.666666666667^2^3	0.636363636364^7^11	0^0^2		0.5^1^2	0.8^8^10		1.0^4^4	1.0^3^3	0.818181818182^9^11	0.666666666667^6^9	1.0^2^2			0.583333333333^7^12	0.333333333333^2^6	0^0^3	0.333333333333^1^3	0.714285714286^5^7		0.6^3^5	0.571428571429^4^7	0.666666666667^4^6	0.533333333333^8^15	1.0^1^1	0.555555555556^5^9		0.545454545455^6^11	0.428571428571^3^7			0.454545454545^5^11	0.5^1^2	0.7^7^10	0.5^2^4	1.0^4^4		0.5^2^4	0.714285714286^5^7	1.0^6^6	0.777777777778^7^9	1.0^3^3	0.5^1^2	0.666666666667^6^9	0.571428571429^4^7	0.75^6^8	0^0^1	0.666666666667^4^6	0.666666666667^2^3		0.666666666667^4^6		1.0^2^2	1.0^2^2	1.0^3^3	0.8^4^5
8	chrY	14800752	A.to.G	5.0		0.44166666666675003	0.19507833184545526	0.28190476190479996	0.15877221665025676	4.0	4.0	1.0	5.0	5.0	1.0	9.0	0.2148469474056489	0.15976190476195007	1.0		0.0	0.142857142857^1^7	0.5^1^2		0.333333333333^1^3	1.0^1^1	0^0^3	0.2^1^5		1.0^1^1	0^0^1		0^0^1	0^0^1	0.2^1^5		0^0^2			0.75^3^4		0^0^1		0^0^1		0^0^1	0.166666666667^1^6		0.666666666667^4^6	0.5^2^4	0^0^2		0.4^2^5	1.0^1^1			0^0^3	1.0^1^1	0.5^2^4	0.333333333333^1^3	0.25^1^4		0.4^2^5	0^0^1	0^0^3	0.5^3^6	0.25^1^4	0^0^2	1.0^1^1	0.5^3^6	0.333333333333^1^3			1.0^1^1		1.0^1^1		1.0^1^1	0.75^3^4	1.0^1^1	0.25^1^4
9	chrY	16906894	T.to.C	5.0		0.5857142857144999	0.020203050890741193	0.65	0.23979157616563598	2.0	2.0	1.0	5.0	5.0	1.0	7.0	0.4169755890970559	0.06428571428550012	1.0		0.0	0.8^4^5	0^0^1		1.0^1^1	0^0^1	0^0^1	0^0^2		0.666666666667^2^3	0.6^3^5		1.0^1^1			1.0^1^1	0.5^1^2			0.5^1^2	0.5^1^2		0^0^1			1.0^3^3	0.8^4^5	0.25^1^4	0.6^3^5		1.0^1^1		0.25^2^8	0.5^2^4			0.571428571429^4^7		0.8^4^5	0.5^1^2	1.0^1^1		0^0^1	1.0^2^2			0.333333333333^1^3	1.0^1^1	0.666666666667^2^3	0.5^2^4	0.5^1^2		0.333333333333^1^3			0.333333333333^1^3		1.0^1^1			1.0^1^1
10	chrY	21100015	A.to.G	5.0	5.0	0.4815033451397273	0.2578162572453258	0.3848030174953846	0.22976071690954847	11.0	11.0	1.0	13.0	12.0	0.9230769230769231	23.0	0.4164898951355872	0.09670032764434272	1.0	inf	0.07692307692307687	0.333333333333^1^3	0.5^2^4		0^0^3	1.0^3^3	0.285714285714^2^7	1.0^1^1		0.25^1^4	0.375^3^8			0.5^1^2	0.666666666667^6^9	0.142857142857^1^7				0.4^2^5	1.0^3^3	0.333333333333^2^6	0.2^1^5	0.3^3^10		0.5^2^4	0.6^3^5	0^0^5	0.272727272727^3^11	1.0^1^1	0.571428571429^4^7		0.166666666667^2^12	0.142857142857^1^7			0.714285714286^5^7	1.0^1^1	0.153846153846^2^13	0.5^1^2	1.0^5^5		0^0^1	0.714285714286^5^7	0.666666666667^4^6	0.571428571429^4^7	1.0^2^2	0^0^3	0^0^1	0.5^3^6	1.0^3^3		0.666666666667^4^6	0^0^3		0.5^2^4		0.5^1^2	0.4^2^5	0.666666666667^2^3	0.454545454545^5^11
11	chrY	21103282	A.to.G	5.0		0.26938775510199997	0.22122549388530974	0.1415873015872	0.13302307060865565	7.0	5.0	0.7142857142857143	5.0	3.0	0.6	8.0	0.318605487346604	0.12780045351479996	1.0	1.6666666666666667	0.11428571428571432	0.5^1^2	0.6^3^5	0^0^1	0^0^3	1.0^1^1	0^0^4	0^0^2		0^0^1	0.2^1^5		0^0^1	0.4^2^5	0^0^5	0^0^3					0.5^1^2	0^0^2	0^0^2	0^0^4		0^0^1	0^0^5	0.333333333333^1^3	0.285714285714^2^7	0^0^2	0^0^2		0.222222222222^2^9	0^0^2			0.4^2^5	0^0^4	0.285714285714^2^7	0^0^3			0^0^3	0^0^5	0.333333333333^1^3	0^0^1	0^0^1	1.0^1^1	0.25^1^4	0^0^1	0.75^3^4		0.2^1^5			0^0^5			0^0^4	0^0^3	0^0^1
12	chrY	21117413	A.to.G	5.0		0.18796441653585716	0.12513370032999035	0.109657009657	0.14170667325715045	7.0	6.0	0.8571428571428571	11.0	5.0	0.45454545454545453	11.0	0.2814266590956165	0.07830740687885716	0.15073529411764713	7.2	0.40259740259740256	0^0^8	0^0^3	1.0^1^1	0^0^4	1.0^1^1	0^0^6	0^0^1		0^0^2	0.285714285714^2^7		0^0^3	0^0^2	0^0^3	0.142857142857^1^7	0.5^1^2			0^0^4	1.0^2^2	0.25^1^4	0^0^2	0^0^5		0.2^1^5	0.166666666667^1^6	0^0^6	0.153846153846^2^13	0^0^1	0^0^4		0^0^6	1.0^1^1			0.166666666667^2^12	0.166666666667^1^6	0.153846153846^2^13	0^0^2	0^0^1		0.5^1^2	0^0^6	0^0^2	0.4^2^5	0^0^2		0^0^4	0^0^1	0.333333333333^1^3	0^0^1	0.285714285714^2^7	0^0^1		0.4^2^5		0.5^1^2	0.333333333333^1^3	0^0^6	1.0^1^1
13	chrY	15434277	A.to.G	5.0		0.522222222222	0.10999438818488831	0.4333333333334	0.25927248643498174	2.0	2.0	1.0	5.0	5.0	1.0	7.0	0.8450784982367989	0.08888888888859997	1.0		0.0	0.75^3^4	0.666666666667^2^3		0.333333333333^1^3	1.0^2^2	0.666666666667^2^3	0.75^3^4			0.2^2^10		1.0^1^1	0^0^2	0^0^1	1.0^1^1	1.0^1^1			0.5^1^2	0^0^4	0^0^3	0^0^1	0.5^3^6		0^0^2	0.5^1^2	1.0^2^2	0.444444444444^4^9	0.5^1^2	0^0^2		0.166666666667^1^6	0.8^4^5			0.6^3^5	0.666666666667^2^3	0.333333333333^1^3	0.5^1^2			1.0^4^4	0.5^2^4	0.666666666667^2^3	0.5^2^4		0^0^1	0^0^1	0.666666666667^2^3	0.333333333333^1^3	0^0^1	0.666666666667^2^3	0^0^2		0.666666666667^2^3		0^0^2	0.25^1^4	0^0^1	0.5^3^6
14	chrY	21156992	A.to.G	5.0		0.661904761905	0.04697983678409297	0.61696428571425	0.19193082949507814	4.0	4.0	1.0	8.0	8.0	1.0	12.0	0.9313599015307806	0.044940476190750034	1.0		0.0	0.75^6^8	0.333333333333^1^3		1.0^1^1	0.5^1^2	0.333333333333^1^3	0.666666666667^4^6		1.0^2^2	1.0^1^1				0^0^1	0.333333333333^1^3			0^0^1	0^0^2	0.5^2^4	0.6^3^5	1.0^2^2	0.666666666667^2^3		0.4^2^5	1.0^4^4	0.6^3^5	0.666666666667^6^9	1.0^3^3	0.333333333333^1^3		0.833333333333^5^6	0.6^3^5			0.666666666667^4^6	0.714285714286^5^7	0.8^8^10	0.5^1^2			1.0^2^2	0.285714285714^2^7		0.5^1^2	0^0^1	1.0^1^1	0.5^1^2	0^0^1	0.333333333333^1^3		0.5^1^2	1.0^4^4		0.5^1^2		1.0^1^1	0^0^1	0^0^1	0.5^1^2
15	chrY	2832958	A.to.G	5.0		0.35833333333325	0.2061552812808965	0.3666666666666667	0.15275252316519466	4.0	4.0	1.0	3.0	3.0	1.0	7.0	1.0	0.008333333333416681	1.0		0.0	0^0^3	0.333333333333^1^3		0.5^1^2		0^0^1	0^0^3		0.5^1^2	0.333333333333^1^3				1.0^1^1	0.25^1^4				0.5^2^4	1.0^1^1	0^0^2	0^0^1	0.666666666667^2^3		0.5^1^2	0^0^3		0.1^1^10		0.5^3^6		0.2^1^5	0.4^2^5			0.333333333333^2^6	0^0^1		0.4^2^5	0^0^1		0^0^3	0.666666666667^2^3	0.5^1^2	0.5^2^4	0^0^1		0^0^1	0^0^3	0.666666666667^2^3		0.6^3^5			0.5^1^2			0^0^2	0^0^3	0^0^1
16	chrY	15496873	A.to.G	5.0		0.6857142857145	0.16162440712805076	0.7214285714287499	0.1957021198859301	2.0	2.0	1.0	4.0	4.0	1.0	6.0	1.0	0.03571428571424995	1.0		0.0	1.0^5^5	0^0^1	0^0^1		0.333333333333^1^3	0.25^1^4	0.333333333333^1^3		0^0^1	0.666666666667^2^3			0^0^2	1.0^2^2	0.333333333333^1^3	0.333333333333^1^3			0.5^2^4	0.5^1^2		0^0^2	1.0^1^1			0.5^1^2	1.0^2^2	0^0^1		0.5^1^2		0.571428571429^4^7	0.6^3^5			0.571428571429^4^7	0.5^1^2	0.714285714286^5^7	0^0^1	0.5^1^2		0.333333333333^1^3	0^0^3	1.0^1^1	0.5^1^2	1.0^2^2	0^0^1	0^0^1	0^0^1	0.8^4^5		1.0^1^1						0.5^1^2	1.0^2^2	0^0^1
17	chrY	21166934	A.to.G	5.0		0.21119769119761997	0.23185826397200182	0.15928932178927274	0.13599730358741458	5.0	4.0	0.8	11.0	8.0	0.7272727272727273	12.0	0.9090667212317456	0.05190836940834723	1.0	1.5	0.07272727272727275	0.111111111111^1^9	0^0^3	0^0^2	1.0^1^1	0^0^5	0.142857142857^1^7	0^0^2		0^0^2	0.333333333333^2^6		0.5^1^2	0^0^2	0^0^2	0^0^4	0.5^1^2			0^0^2	0.4^2^5	0^0^4	0^0^3	0.285714285714^2^7		0.166666666667^1^6	0.125^1^8	0^0^4	0.0909090909091^1^11	0^0^5	0^0^6		0^0^4	0^0^4			0.142857142857^1^7	0.222222222222^2^9	0.1875^3^16	0^0^2			0^0^4	0^0^5	0^0^1	0^0^3	0.25^1^4	0^0^2	0^0^2	0.6^3^5	0^0^2		0.25^1^4	0^0^2		0^0^3		0^0^2	0^0^2	0^0^4	0^0^3
18	chrY	21167433	A.to.G	5.0		0.25277777777775	0.1545032433464476	0.45174603174600003	0.18531227687265273	8.0	7.0	0.875	5.0	5.0	1.0	12.0	0.0896067153102178	0.19896825396825002	1.0	0.0	0.125	0.444444444444^4^9	0.222222222222^2^9	0^0^1	0^0^1	0.166666666667^1^6	0.2^1^5	0^0^3		0^0^2	0.5^2^4		0^0^6	0.333333333333^1^3	0.4^2^5	0.5^1^2	0.666666666667^2^3			0.666666666667^2^3	1.0^1^1	0.2^1^5	1.0^1^1	0.666666666667^2^3		1.0^2^2	0.5^3^6	0^0^2	0.333333333333^2^6	0.333333333333^1^3	1.0^3^3		0.714285714286^5^7	0.5^1^2			0.5^4^8	0.2^1^5	0.4^2^5	0^0^1			0^0^2	0.5^2^4	1.0^1^1	0^0^2	0^0^3		0.5^1^2	0.25^1^4	0^0^3	0.5^1^2	0.25^1^4			0.666666666667^2^3		0^0^1	0^0^1	1.0^3^3	0.75^3^4
19	chrY	16844406	A.to.G	5.0		0.18614718614700002	0.16133891907848993	0.3777777777776667	0.03849001794616753	3.0	2.0	0.6666666666666666	3.0	3.0	1.0	5.0	0.07652250047505922	0.19163059163066667	1.0	0.0	0.33333333333333337	0.666666666667^2^3	0.285714285714^2^7		0.5^1^2	1.0^1^1	0.4^2^5	0.5^1^2		0^0^2	0.333333333333^1^3					0.666666666667^2^3			0^0^1	1.0^1^1	1.0^1^1	0^0^2	0.5^1^2	0.75^3^4			0.333333333333^1^3	1.0^2^2	0.272727272727^3^11	0^0^1	0^0^1		0^0^4	0.25^1^4			0^0^5	0^0^3	0.333333333333^3^9				1.0^3^3	0^0^3	0.5^1^2	0^0^2	0.4^2^5		0.75^3^4	0^0^3	0^0^1	1.0^2^2	0.25^1^4			0.5^2^4		0^0^1	1.0^3^3	0.5^1^2	0.5^1^2
20	chrY	22658498	A.to.G	5.0		0.336507936508	0.2873498161749349	0.6100000000000001	0.26551836094703507	3.0	3.0	1.0	5.0	5.0	1.0	8.0	0.35939677082051935	0.2734920634920001	1.0		0.0	0^0^3	0.5^1^2		1.0^3^3	0^0^1	0.6^3^5	0.333333333333^1^3			0.6^3^5			0.25^1^4	0.666666666667^4^6	0.2^1^5				1.0^2^2	1.0^5^5	0.5^1^2	0^0^2	1.0^4^4		0^0^1	0.75^3^4	0.5^1^2	0.142857142857^1^7		0.666666666667^2^3		0.5^1^2	0.666666666667^2^3			0.5^1^2	0^0^2	0.25^2^8	0.5^1^2	1.0^3^3		0.333333333333^1^3	0.75^3^4		0.666666666667^2^3	1.0^1^1	0^0^1	0.25^1^4	0.666666666667^2^3	0.5^1^2	1.0^1^1	1.0^2^2	0.5^1^2		0.5^1^2		0.5^1^2	0^0^2	0.333333333333^1^3	0.6^3^5
21	chrY	21890405	A.to.G	5.0		0.30519480519475	0.23651581609793496	0.5043253968254	0.24724996022644288	4.0	3.0	0.75	10.0	10.0	1.0	13.0	0.22727794354670716	0.19913059163065	0.2857142857142856	0.0	0.25	0.625^5^8	0^0^2		0.333333333333^1^3	0.5^1^2	0.5^2^4	0^0^4			0.6^3^5			0^0^1		0^0^2				0.25^1^4	0.6^3^5	0^0^2	1.0^1^1	0.333333333333^1^3		1.0^6^6	0.285714285714^2^7	1.0^2^2	0.363636363636^4^11	0.5^1^2	0^0^3		0.571428571429^4^7	0.25^2^8			0.571428571429^4^7	0^0^3	0.111111111111^1^9	0.333333333333^1^3	1.0^1^1		0.333333333333^1^3	0.5^3^6	1.0^1^1	0.5^4^8	0^0^2	0^0^2	0.333333333333^1^3	0^0^1	0^0^2		0.285714285714^2^7	0^0^1		0^0^1		1.0^1^1	0^0^5	0.5^2^4	0.333333333333^1^3
22	chrY	14900783	A.to.G	5.0	5.0	0.42099887292199994	0.22613713570461574	0.38724659179190907	0.16168572591727332	13.0	12.0	0.9230769230769231	11.0	11.0	1.0	23.0	0.6423598501691155	0.03375228113009088	1.0	0.0	0.07692307692307687	0.307692307692^4^13	0.25^1^4	0.666666666667^2^3	0.714285714286^5^7	0^0^1	0.285714285714^2^7	0.181818181818^2^11		0.5^1^2	0.166666666667^2^12		0^0^1	0.5^2^4	0.625^5^8	0.6^3^5	0.5^1^2		0^0^2	0.6^3^5	0^0^3	0.333333333333^2^6	0^0^3	0.5^2^4		0.428571428571^3^7	0.625^5^8	0.5^2^4	0.2^3^15	1.0^4^4	0.545454545455^6^11		0.363636363636^4^11	0.625^5^8			0.538461538462^7^13	0^0^2	0.285714285714^4^14	0.25^1^4	0.4^2^5		0^0^9	0.25^1^4	0.25^1^4	0.444444444444^4^9	0.666666666667^2^3		0^0^2	0.666666666667^4^6	0.5^2^4	1.0^1^1	0.2^1^5	0.5^2^4		0.5^2^4			0.428571428571^3^7	0.166666666667^1^6	1.0^3^3
23	chrY	21148408	A.to.G	5.0		0.34806547619025	0.0780386427476346	0.25599647266311115	0.1148074998279682	8.0	8.0	1.0	9.0	9.0	1.0	17.0	0.10749416998600814	0.09206900352713887	1.0		0.0	0.111111111111^1^9	0.428571428571^3^7	0^0^1	0^0^1	0.5^1^2	0.25^2^8	0^0^3		0.5^1^2	0.4^2^5		0^0^1	1.0^1^1	0.5^1^2	0.2^1^5				0^0^3	0.5^1^2	0.333333333333^2^6	0.333333333333^1^3	0^0^1		0.2^1^5	0.4^2^5	0^0^3	0.375^3^8		0^0^3		0.142857142857^1^7	0^0^1			0.333333333333^4^12	0.25^1^4	0.2^3^15	0^0^4	0.5^1^2		0^0^4	0.2^1^5	0^0^2	0.333333333333^1^3	0.25^1^4	0^0^1	0.25^1^4	0^0^2	0.4^2^5		0.428571428571^3^7	0.5^1^2		0.333333333333^1^3		0^0^3	0.285714285714^2^7	0.333333333333^1^3	0.4^2^5
24	chrY	21890370	A.to.G	5.0	5.0	0.05137362637361538	0.07171873298819234	0.20289710289704377	0.13359729649280153	13.0	5.0	0.38461538461538464	16.0	15.0	0.9375	20.0	0.0014379672508959393	0.1515234765234284	0.0032697936745912813	0.041666666666666664	0.5528846153846154	0.0714285714286^1^14	0.333333333333^1^3		0.25^1^4	0^0^4	0.125^1^8	0.428571428571^3^7		0^0^7	0.230769230769^3^13		0^0^2	0^0^5	0^0^10	0^0^3	0.333333333333^1^3		0^0^1	0.125^1^8	0^0^5	0.142857142857^1^7	0^0^1	0.3^3^10		0.181818181818^2^11	0.1^1^10	0.2^1^5	0^0^13		0.142857142857^1^7		0.25^2^8	0.333333333333^2^6			0.1^1^10	0^0^6	0.0909090909091^1^11	0^0^6	0^0^3		0^0^8	0.166666666667^1^6	0^0^4	0.125^1^8	0.25^1^4	0^0^2	0^0^3	0^0^4	0.333333333333^1^3	0^0^1	0.1^1^10			0^0^4			0^0^6	0.2^1^5	0.5^3^6
25	chrY	14779609	A.to.G	5.0		0.4603174603175	0.17580825121207846	0.43701298701300006	0.09368866408706876	6.0	6.0	1.0	5.0	5.0	1.0	11.0	0.4631687362979815	0.023304473304499917	1.0		0.0	0.375^3^8	0^0^2	1.0^2^2	0.5^3^6	0.333333333333^1^3	0.25^1^4	1.0^3^3		0^0^1	0.5^3^6				0^0^4	0.75^3^4	0^0^1			0.25^1^4	0^0^4	0.25^1^4	0.4^2^5	0.333333333333^1^3		0.5^1^2	1.0^2^2	0^0^3	0.666666666667^4^6	1.0^1^1	0.666666666667^2^3		0.363636363636^4^11	0.333333333333^1^3			0.428571428571^3^7	1.0^2^2	0.375^3^8	1.0^1^1	0^0^2		0.666666666667^2^3	0.571428571429^4^7	0.333333333333^1^3	1.0^3^3	0.25^1^4		0.5^2^4	0.6^3^5	0.333333333333^1^3	0^0^2	0.25^1^4			0.333333333333^1^3		1.0^1^1	0.333333333333^1^3	0.166666666667^1^6	0.666666666667^2^3
26	chrY	21236181	A.to.G	5.0		0.15308441558437502	0.16135024376730955	0.1079365079365	0.13013937138262968	8.0	5.0	0.625	8.0	4.0	0.5	9.0	0.5465237317126099	0.04514790764787502	1.0	1.6666666666666667	0.125	0^0^4	0^0^4		0.333333333333^1^3	0^0^5	0.166666666667^1^6	0^0^3		0^0^4	0.5^2^4		0.4^2^5	1.0^3^3	0^0^5	0.125^1^8						0.142857142857^1^7	0^0^1	0^0^3		0^0^2	0.285714285714^2^7	0^0^3	0.181818181818^2^11	0^0^1	0^0^4		0.111111111111^1^9	0^0^7			0.375^3^8	0^0^6	0.3^3^10	0^0^2	0^0^3		0^0^1	0.333333333333^1^3	0^0^5	0^0^5		0^0^3	0^0^5	0^0^3	0^0^3	0^0^1	0^0^4	0^0^2				0^0^1	0^0^4		0^0^2
27	chrY	21148425	A.to.G	5.0		0.26900703463200004	0.2158755663249627	0.2422621941338909	0.22681752960300677	8.0	6.0	0.75	11.0	8.0	0.7272727272727273	14.0	0.8673813021127154	0.02674484049810913	1.0	1.125	0.022727272727272707	0^0^11	0^0^3		0.5^2^4	0.75^3^4	0^0^10	0.666666666667^4^6		0.333333333333^1^3	0.272727272727^3^11		0.25^1^4		0.5^2^4	0.6^3^5	0^0^1		0^0^1	0.5^1^2	0^0^4	0.166666666667^1^6	1.0^1^1	0.75^3^4		1.0^1^1	0.4^2^5	0.4^2^5	0.181818181818^2^11		0.25^1^4		0.2^2^10				0.375^6^16	0^0^6	0.0588235294118^1^17	0.25^1^4	1.0^1^1		0^0^7	0.5^3^6	0^0^4	0.5^1^2	0.666666666667^2^3		0^0^8	0^0^2	0.5^1^2		0.428571428571^3^7	0^0^1		0.75^3^4		0^0^2	0.4^2^5	0^0^3	0.166666666667^1^6
28	chrY	21102069	A.to.G	5.0		0.17857142857133335	0.148880935246162	0.2214285714285455	0.17742489069104994	6.0	4.0	0.6666666666666666	11.0	9.0	0.8181818181818182	13.0	0.7996812791859164	0.04285714285721215	0.5840336134453789	0.4444444444444444	0.1515151515151516	0.25^2^8	0^0^4		0^0^3	0.75^3^4	0.3^3^10	0.5^1^2		0^0^3	0.6^3^5		0.25^1^4	0.25^1^4	0.25^1^4	0.333333333333^1^3				0.5^1^2	0^0^6	0.166666666667^1^6		0^0^3		0^0^3	0.285714285714^2^7	0.333333333333^1^3	0.285714285714^4^14	0^0^1	0.2^1^5		0.1^1^10	0.4^2^5			0.285714285714^2^7	0^0^2	0.1^1^10	0^0^2	0.5^1^2		0^0^4	0^0^5	0.5^1^2	0.5^2^4	0^0^1	0.5^1^2	0^0^3	0^0^7	0.333333333333^1^3		0^0^5	0^0^1		0.333333333333^2^6		0^0^2	0.333333333333^1^3	0.5^2^4	0.2^1^5
29	chrY	15498796	A.to.G	5.0	5.0	0.3104076479074545	0.11098786261194131	0.200912183055	0.1783591646246671	11.0	11.0	1.0	14.0	10.0	0.7142857142857143	21.0	0.03904839056804935	0.10949546485245451	0.10521739130434801	inf	0.2857142857142857	0.142857142857^1^7	0^0^2	0^0^1	0.333333333333^1^3	0^0^3	0^0^6	0^0^1		0.428571428571^3^7	0.333333333333^1^3		0.666666666667^2^3	0.25^1^4	0.222222222222^2^9	0.2^1^5	0^0^1			0.333333333333^2^6	0.666666666667^4^6	0.5^1^2	0^0^1	0.25^3^12		0.25^1^4	0^0^5	0.25^2^8	0.5^3^6	0.25^1^4	0.3^3^10		0.2^2^10	0^0^7			0.1875^3^16	0^0^1	0.181818181818^2^11	0.5^1^2	0.5^1^2		0^0^4	0^0^7	0.25^2^8	0.285714285714^2^7	0.285714285714^2^7	0^0^1	0.25^1^4	0.333333333333^2^6	0.333333333333^2^6	0.333333333333^1^3	0.142857142857^1^7	0^0^1		0^0^2			0.333333333333^3^9	0.4^2^5	0.25^1^4
30	chrY	21148792	A.to.G	5.0		0.3444444444443333	0.1503083250941088	0.2952380952381429	0.2214669705569215	3.0	3.0	1.0	7.0	6.0	0.8571428571428571	9.0	0.637039845517223	0.049206349206190436	1.0	inf	0.1428571428571429	0.666666666667^6^9	0.333333333333^1^3	0^0^1	1.0^1^1	0^0^2	0.5^6^12	0^0^2		0^0^4	0.2^1^5				0.666666666667^2^3	0.5^3^6	0^0^1			1.0^2^2	1.0^1^1	0^0^2	0.25^1^4	0.2^1^5		0^0^2	0.5^1^2	0.333333333333^1^3	0.333333333333^3^9	0^0^1	0.25^1^4		0^0^5	0.25^1^4			0.2^2^10	0.333333333333^1^3	0.3^3^10	0^0^2	0^0^3		0.333333333333^1^3	0.2^1^5	0^0^1	0^0^3	0.5^2^4	0.5^1^2	0.5^2^4	0^0^1	0^0^4		0.25^1^4	0.333333333333^1^3		0^0^1		0^0^2	0^0^4	0.25^1^4	0.333333333333^1^3
31	chrY	21188464	A.to.G	5.0	5.0	0.05019772614929412	0.08799385079065433	0.03832249621723077	0.0628436448323644	17.0	5.0	0.29411764705882354	13.0	4.0	0.3076923076923077	9.0	0.7963043936913374	0.011875229932063344	1.0	0.9375	0.01357466063348417	0^0^15	0^0^6	0^0^1	0^0^3	0.5^2^4	0^0^8	0^0^6		0^0^9	0.181818181818^2^11		0^0^2	0^0^2	0^0^14	0^0^8	0^0^3			0^0^7	0.25^1^4	0.285714285714^2^7	0^0^10	0^0^4	0^0^1	0^0^6	0^0^8	0^0^7	0.125^2^16	0^0^1	0.111111111111^1^9		0.1^1^10	0^0^4			0.117647058824^2^17	0^0^5	0.105263157895^2^19	0^0^5			0.125^1^8	0^0^13	0^0^1	0^0^5	0^0^4	0^0^1	0^0^6	0^0^3	0^0^5		0^0^8	0.5^1^2		0.2^1^5		0^0^1	0^0^9	0^0^7	0.5^1^2
32	chrY	16650235	A.to.G	5.0		0.27897435897420003	0.18370859925737268	0.34166666666675005	0.24551533104419138	5.0	4.0	0.8	4.0	4.0	1.0	8.0	0.7133031738784577	0.06269230769255002	1.0	0.0	0.19999999999999996		0.25^1^4		0^0^2		0.5^3^6	0^0^1		0^0^1	0^0^3			0^0^2	0.2^1^5	0.4^2^5	0.333333333333^1^3		0^0^1	0.5^1^2	0.5^1^2	0^0^2	0.333333333333^1^3	0.333333333333^1^3		0.25^1^4	0.333333333333^1^3	0^0^2	0.461538461538^6^13	0^0^1	0.6^3^5		0.166666666667^1^6	0.5^2^4			0.333333333333^2^6	0^0^4	0.1^1^10	0.666666666667^2^3	1.0^1^1		0^0^6	0.333333333333^1^3	0^0^1	1.0^1^1	0^0^1		0^0^2	0.333333333333^1^3	0^0^3	0^0^1	0^0^3	0.25^1^4		0.666666666667^2^3		0.5^1^2	0^0^2	0^0^2	0.333333333333^1^3
33	chrY	14803126	A.to.G	5.0		0.1118055555555	0.11631418786976316	0.20690476190480003	0.13807904484510122	8.0	5.0	0.625	10.0	8.0	0.8	13.0	0.11478581522437173	0.09509920634930004	0.6078431372549016	0.4166666666666667	0.17500000000000004	0^0^3	0^0^1		0.125^1^8	0^0^3	0^0^5	1.0^3^3		1.0^1^1	0.4^2^5		0^0^2	0^0^3	0^0^7	0^0^1	0^0^1		0^0^1	0^0^4	0^0^2		0^0^2	0^0^4		0.166666666667^1^6	0.2^2^10	0^0^5	0^0^6	0^0^1	0.166666666667^1^6		0.25^2^8	0.25^1^4			0.111111111111^1^9	0^0^2	0.285714285714^2^7	0^0^2	0.2^1^5		0^0^5	0^0^3		0.333333333333^1^3	0.4^2^5	0^0^2	0^0^2	0.125^1^8	0.333333333333^1^3		0^0^3	0.5^1^2		0^0^3		0^0^1	0.333333333333^2^6	0^0^2	0.2^1^5
34	chrY	5206824	T.to.C	5.0		1.0	0.0	1.0	0.0	5.0	5.0	1.0	5.0	5.0	1.0	10.0		0.0	1.0		0.0	1.0^2^2	1.0^6^6	0.666666666667^2^3	1.0^4^4	1.0^8^8	1.0^1^1	1.0^4^4	1.0^1^1	1.0^1^1	1.0^3^3	1.0^3^3	1.0^1^1	1.0^2^2	1.0^1^1	1.0^1^1	1.0^2^2	1.0^8^8	1.0^4^4	1.0^4^4	1.0^3^3	1.0^2^2		1.0^7^7	1.0^3^3	1.0^3^3	1.0^2^2	1.0^2^2	1.0^3^3	1.0^1^1	1.0^4^4	1.0^1^1	1.0^2^2	1.0^2^2	1.0^2^2	1.0^3^3	1.0^3^3		1.0^8^8	1.0^4^4	1.0^3^3		1.0^2^2	1.0^3^3	1.0^5^5	1.0^2^2	1.0^7^7	1.0^2^2	1.0^1^1	1.0^3^3	1.0^5^5	1.0^1^1	1.0^3^3	1.0^2^2	1.0^4^4	1.0^3^3	1.0^15^15	1.0^1^1	1.0^3^3	1.0^2^2	1.0^5^5
35	chrY	21214002	A.to.G	5.0	5.0	0.12225552225546925	0.12374435230839392	0.08677637721754286	0.07985655415475555	13.0	8.0	0.6153846153846154	14.0	9.0	0.6428571428571429	17.0	0.533379537230819	0.03547914503792639	1.0	0.8888888888888888	0.027472527472527486	0.117647058824^2^17	0^0^3		1.0^2^2	0^0^5	0.111111111111^1^9	0^0^4		0^0^1	0.0833333333333^1^12		0.222222222222^2^9	0^0^3	0^0^8	0^0^8	0^0^2				0^0^6	0^0^8	0.166666666667^1^6	0^0^8		0^0^4	0.111111111111^1^9	0.333333333333^1^3	0.142857142857^2^14	0^0^5	0.125^1^8		0.0833333333333^1^12	0.25^2^8			0.333333333333^4^12	0.0909090909091^1^11	0.133333333333^2^15	0^0^4	0^0^2		0.2^1^5	0^0^1	0^0^5	0.2^1^5	0.25^1^4	0.5^1^2	0^0^3	0.333333333333^2^6	0^0^5	0^0^3	0.1^1^10	0.666666666667^2^3		0^0^4		0^0^2	0.25^1^4	0^0^1	0^0^5
36	chrY	21112951	A.to.G	5.0		0.5214285714285	0.15714285714299997	0.30714285714274997	0.26225085358115985	4.0	4.0	1.0	4.0	3.0	0.75	7.0	0.2186037372080598	0.21428571428575	1.0	inf	0.25	0.6^6^10	1.0^1^1		0.666666666667^2^3	0^0^1	0^0^4	1.0^3^3			0.428571428571^3^7		0^0^2		0.25^1^4		1.0^1^1			1.0^1^1	0^0^2	0.5^2^4	0^0^2			1.0^2^2	0.25^1^4	1.0^2^2	0.285714285714^2^7				0^0^6	1.0^1^1			0^0^1	0.6^3^5	0.2^2^10	1.0^1^1	0^0^1		0.6^3^5	0^0^3	0.5^1^2	0.333333333333^1^3	0^0^1	0^0^1	1.0^2^2	0^0^1	0^0^2	0.5^1^2	0.6^3^5	0^0^1		0.5^1^2		0.333333333333^1^3	0^0^1	0^0^2	0^0^2
37	chrY	16746346	A.to.G	5.0		0.10092592592588888	0.11527777777769377	0.14642857142850002	0.11950968528859972	9.0	5.0	0.5555555555555556	12.0	8.0	0.6666666666666666	13.0	0.3986698808245328	0.04550264550261114	0.673065015479876	0.625	0.11111111111111105	0.111111111111^1^9	0^0^3		0.333333333333^1^3		0.2^1^5	0.285714285714^2^7		0^0^3	0^0^2		0^0^1	0^0^3	0^0^5	0^0^5	0^0^3		0^0^1	0^0^4		0.666666666667^2^3		0.166666666667^1^6		0^0^1	0^0^6	0.2^1^5	0^0^8	0^0^1	0.285714285714^2^7		0^0^8	0^0^8			0.125^1^8	0^0^3	0.222222222222^2^9	0^0^1	0^0^1		0.125^1^8	0.285714285714^2^7	0^0^2	0.25^1^4	0^0^2	0^0^1	0^0^2	0^0^1	0.25^1^4	1.0^1^1	0.125^1^8	0^0^3		0.333333333333^2^6		0^0^2	0^0^6	0.2^1^5	0^0^7
38	chrY	21203894	A.to.G	5.0	10.0	0.03161401098902	0.053785578890252886	0.05191915149897143	0.07906036638439569	20.0	6.0	0.3	21.0	8.0	0.38095238095238093	14.0	0.48750637286988463	0.020305140509951428	0.7442115057894079	0.6964285714285714	0.08095238095238094	0^0^12	0^0^6	0^0^1	0^0^3	0^0^6	0.25^2^8	0.142857142857^1^7		0.142857142857^1^7	0.133333333333^2^15		0^0^3	0^0^7	0^0^9	0^0^9	0^0^1		0^0^2	0.0833333333333^1^12	0^0^10	0.0769230769231^1^13	0.1^1^10	0^0^10		0.0833333333333^1^12	0.0909090909091^1^11	0^0^11	0^0^20	0^0^5	0^0^11		0^0^8	0^0^16			0.0625^1^16	0^0^12	0.05^1^20	0^0^5	0^0^16		0^0^6	0^0^12	0^0^13	0.117647058824^2^17	0.222222222222^2^9	0^0^6	0^0^7	0^0^11	0^0^10	0^0^2	0^0^9	0^0^3		0^0^6		0^0^3	0^0^4	0.166666666667^2^12	0^0^10
39	chrY	21234826	A.to.G	5.0		0.61339285714275	0.15198166623248052	0.637037037037	0.20100058350149247	4.0	4.0	1.0	9.0	9.0	1.0	13.0	0.6378303899966027	0.02364417989424994	1.0		0.0	0.333333333333^2^6	0.625^5^8			1.0^4^4	0.75^3^4	0^0^1		1.0^4^4	0.833333333333^5^6		1.0^2^2	0.5^1^2	0.75^3^4	0.6^3^5	1.0^1^1				0.8^4^5	1.0^1^1	1.0^2^2	0.666666666667^2^3			0.666666666667^4^6	0.8^4^5	0.428571428571^3^7		0.666666666667^4^6		0.5^2^4	0.5^3^6			0.8^4^5	0.666666666667^2^3	0.8^8^10	0^0^1	1.0^1^1		0.75^3^4	0^0^1	0.333333333333^1^3	0.333333333333^2^6	0^0^1		0.25^1^4	1.0^3^3	1.0^2^2		1.0^4^4			1.0^2^2		0^0^1	0.666666666667^2^3	0.666666666667^2^3	0.666666666667^2^3
40	chrY	21200849	A.to.G	5.0	5.0	0.09925303454717647	0.12740890961441598	0.10686628186622667	0.11030951704076124	17.0	8.0	0.47058823529411764	15.0	9.0	0.6	17.0	0.7494968114584349	0.007613247319050193	0.5022601708483603	0.5925925925925926	0.12941176470588234	0.181818181818^2^11	0.142857142857^1^7	0^0^1	0^0^5	0^0^4	0.0909090909091^1^11	0^0^4		0^0^6	0.0833333333333^1^12		0^0^5	0^0^1	0.111111111111^1^9	0^0^5	0^0^1		0^0^1	0.333333333333^1^3	0^0^9	0.333333333333^2^6	0^0^6	0^0^6		0.285714285714^2^7	0.125^1^8	0^0^7	0^0^16	0^0^1	0.285714285714^2^7		0.272727272727^3^11	0.166666666667^2^12			0^0^12	0.2^1^5	0^0^14	0^0^3	0^0^3		0.4^2^5	0.111111111111^1^9	0^0^1	0.333333333333^1^3	1.0^2^2	0^0^1	0^0^6	0.166666666667^1^6	0.166666666667^1^6		0.166666666667^2^12	0^0^2		0^0^4		0^0^5	0^0^5	0^0^2	0^0^5
41	chrY	15533137	A.to.G	5.0		0.27999999999999997	0.10954451150103323	0.28333333333325	0.19148542155123863	5.0	5.0	1.0	4.0	3.0	0.75	8.0	0.8963198452359471	0.0033333333332500326	0.44444444444444464	inf	0.25	0.5^2^4	0.25^1^4		0.2^1^5		0.25^1^4	0^0^1		1.0^1^1	0.4^2^5			0^0^2	0.2^1^5	0.5^2^4				0.2^1^5	1.0^3^3	0.4^2^5	0^0^1	0.25^1^4		0.5^1^2	0^0^1	0^0^3	0.4^2^5		0.4^2^5		0^0^6	0.333333333333^1^3			0.333333333333^1^3		0^0^3	0^0^1	0.333333333333^1^3		0.5^1^2	0.333333333333^1^3	0^0^3	0.333333333333^2^6	1.0^2^2	0^0^1		0^0^2	0.666666666667^2^3	0^0^1				0.333333333333^1^3			0.333333333333^1^3	0.75^3^4	0.333333333333^1^3
42	chrY	21136667	A.to.G	5.0		0.27777777777766666	0.1339395939026108	0.2777777777778571	0.2003084041922898	3.0	3.0	1.0	7.0	6.0	0.8571428571428571	9.0	0.8169613217153913	1.904587598744456e-13	1.0	inf	0.1428571428571429	0.5^3^6	0^0^2				0.444444444444^4^9	0.5^1^2		0.666666666667^2^3	0.166666666667^1^6		0^0^1	0.5^1^2	0^0^2	0.5^1^2	0^0^1			0.5^1^2	1.0^1^1	0.333333333333^1^3	0.333333333333^2^6	0^0^2			0.333333333333^1^3	0.5^1^2	0.375^3^8	0^0^1	0.166666666667^1^6		0.166666666667^1^6	0.5^2^4			0.125^1^8	0.25^1^4	0^0^6	1.0^1^1	0^0^2		1.0^1^1	0.5^3^6	1.0^1^1	0.25^1^4		1.0^3^3		0.333333333333^1^3	0^0^3	0.5^1^2	0.5^1^2	0^0^1		0.5^2^4		1.0^1^1	0.666666666667^2^3	0^0^1	0.333333333333^1^3
43	chrY	21136666	A.to.G	5.0		0.27777777777766666	0.1339395939026108	0.1530612244897143	0.14678279703135486	3.0	3.0	1.0	7.0	4.0	0.5714285714285714	7.0	0.16491482255330148	0.12471655328795236	0.4750000000000002	inf	0.4285714285714286	0.285714285714^2^7	0^0^2				0.3^3^10	0.5^1^2		0.666666666667^2^3	0.285714285714^2^7		0^0^1	0.5^1^2	0^0^2	0^0^3	0^0^1			0^0^2	0^0^1	0^0^3	0.333333333333^2^6	0^0^2		0^0^1	0.333333333333^1^3	1.0^2^2	0.375^3^8	0^0^1	0^0^6		0^0^6	0^0^2			0.125^1^8	0^0^4	0^0^8	0^0^1	0^0^2		0^0^1	0.2^1^5	1.0^1^1	0^0^4		1.0^3^3		0.333333333333^1^3	0^0^3	0^0^2	0.5^1^2	0^0^1		0.5^2^4		0^0^1	0^0^3	0.5^1^2	0^0^3
44	chrY	21200846	A.to.G	5.0	5.0	0.12849320818069374	0.20818708401560837	0.08429140304136251	0.09834433437380521	16.0	7.0	0.4375	16.0	9.0	0.5625	16.0	0.8560495468267839	0.044201805139331224	0.7244346966634537	0.6049382716049383	0.125	0.0769230769231^1^13	0.5^3^6	0^0^1	0^0^5	0^0^4	0^0^12	0^0^5		0^0^6	0.0909090909091^1^11		0.142857142857^1^7		0.111111111111^1^9	0^0^4	0^0^1		0^0^1	0.333333333333^1^3	0^0^9	0^0^7	0^0^6	0^0^7		0.333333333333^2^6	0.111111111111^1^9	0^0^7	0^0^15	0^0^2	0.2^1^5		0.2^2^10	0.153846153846^2^13			0^0^14	0^0^5	0.0714285714286^1^14	0^0^3	0^0^3		0.5^3^6	0.111111111111^1^9	0^0^1	0.25^1^4	0.666666666667^2^3	0^0^2	0^0^6	0.6^3^5	0.125^1^8	0^0^1	0.0769230769231^1^13	0^0^2		0^0^4		0^0^5	0^0^5	0^0^1	0^0^6
45	chrY	21235682	A.to.G	5.0		0.18095238095233335	0.20256854051266251	0.13843537414957144	0.1478136746382797	6.0	3.0	0.5	7.0	4.0	0.5714285714285714	7.0	0.7063171530756639	0.04251700680276191	1.0	0.75	0.0714285714285714	0^0^7	0^0^2		0^0^2	0^0^2	0^0^4	0^0^1		1.0^1^1	0.333333333333^3^9		0^0^5	0^0^1	0.25^1^4	0^0^2	0^0^3			0^0^1	0^0^4	0.4^2^5	0.4^2^5	0^0^2		0^0^3	0.25^2^8	0.333333333333^1^3	0.285714285714^2^7		1.0^1^1		0^0^10	0^0^3			0^0^3	0^0^5	0.1^1^10	0^0^3	0.333333333333^1^3		0^0^4	0.333333333333^1^3	0.5^1^2	0^0^4	0.5^1^2	0^0^1	0.285714285714^2^7	0^0^1			0^0^5	0^0^5		0^0^3		0.333333333333^1^3	0^0^2	0^0^1	0^0^3
46	chrY	15485873	A.to.G	5.0		0.48	0.20221001184151205	0.47678571428575	0.22090952991707408	5.0	5.0	1.0	8.0	7.0	0.875	12.0	0.9398966111846258	0.003214285714249976	1.0	inf	0.125	0.6^3^5	0.2^1^5	1.0^2^2	0^0^2	0.5^1^2	0.6^3^5	0.5^1^2		1.0^1^1	0^0^5			1.0^4^4	0.666666666667^2^3	1.0^1^1	1.0^1^1				0.4^2^5	1.0^2^2	0^0^2	0.25^1^4		0^0^2	0.5^1^2	0.4^2^5	0.666666666667^6^9	0^0^2	0^0^2		0.714285714286^5^7	0.5^2^4			0.5^1^2			0.5^2^4	0^0^1		0.75^3^4	0.5^3^6	0^0^1	0.5^1^2	0.6^3^5	1.0^1^1	1.0^2^2	0.6^3^5			0.6^3^5			0^0^1			0.333333333333^2^6	0.75^3^4	0.5^2^4
47	chrY	21177488	A.to.G	5.0		0.09920634920633335	0.11896822749551386	0.30582010582	0.13894982515358414	6.0	3.0	0.5	12.0	11.0	0.9166666666666666	14.0	0.010733416102997176	0.20661375661366665	0.08333333333333326	0.09090909090909091	0.41666666666666663	0.333333333333^3^9	0.5^2^4		0.166666666667^1^6		0.285714285714^2^7	0^0^2		0^0^1	0^0^3		1.0^2^2	0.25^1^4	0.333333333333^1^3	0.142857142857^1^7	0^0^1			0.333333333333^1^3	0^0^1	0^0^1	1.0^1^1	0.4^2^5		0.333333333333^1^3	0.4^2^5	0.333333333333^2^6	0^0^8	0.333333333333^1^3	0.5^3^6		0.166666666667^1^6	0^0^5			0^0^10	0.25^1^4	0.222222222222^2^9	0^0^2	1.0^1^1		0^0^2	0.428571428571^3^7	0.2^1^5	0.4^2^5	0.5^1^2	0^0^2	0.333333333333^1^3	0.285714285714^2^7	0.5^1^2	0^0^2	0.25^1^4	0^0^1		0^0^5		1.0^1^1	0^0^2	0^0^3	0^0^4
48	chrY	21177489	A.to.G	5.0		0.15476190476183335	0.09831920802494487	0.17132936507933336	0.17095025437096872	6.0	5.0	0.8333333333333334	12.0	7.0	0.5833333333333334	12.0	0.9617305642029967	0.016567460317500005	0.600032320620555	3.5714285714285716	0.25	0^0^8	0.25^1^4		0.2^1^5		0^0^7	1.0^1^1		0^0^2	0.333333333333^1^3		0^0^2	0.25^1^4	0.75^3^4	0.142857142857^1^7	1.0^1^1			0.333333333333^1^3	1.0^1^1	1.0^1^1	0^0^1	0.2^1^5		0^0^3	0.25^1^4	0.166666666667^1^6	0^0^9	0.333333333333^1^3	0.428571428571^3^7		0^0^6	0.4^2^5			0.1^1^10	0^0^4	0.375^3^8	0^0^2	0^0^1		0.5^1^2	0.285714285714^2^7	0.2^1^5	0^0^5	0.5^1^2	0^0^2	0^0^3	0.285714285714^2^7	0^0^2	0.5^1^2	0.25^1^4	1.0^1^1		0.2^1^5		0^0^1	0^0^2	0.333333333333^1^3	0^0^5
49	chrY	21206788	A.to.G	5.0		0.36309523809525	0.1844431467319627	0.45820105820099993	0.08424171073086693	4.0	4.0	1.0	6.0	6.0	1.0	10.0	0.3908820638257585	0.09510582010574992	1.0		0.0	0.333333333333^2^6	0^0^4	0^0^1	0^0^1	0^0^3	0.571428571429^4^7	0^0^4		0^0^3	0.444444444444^4^9		0.4^2^5	0.666666666667^2^3	0^0^2	0.25^1^4	1.0^2^2	0^0^1				0.6^3^5	0.5^1^2	0.333333333333^1^3		0^0^1	0.5^1^2	1.0^1^1	0.285714285714^2^7		0^0^1		0.5^2^4	0.5^3^6			0.166666666667^1^6	0.5^2^4	0.5^6^12	0.333333333333^1^3			0.333333333333^1^3	0.4^2^5	0^0^2	0.666666666667^2^3	0^0^2		0^0^1	0^0^1	0.666666666667^2^3	0^0^1	0.5^1^2	0.5^1^2		0^0^2		0^0^2	0^0^3	0.5^1^2	0.25^1^4
50	chrY	21206786	A.to.G	5.0		0.2983333333334	0.19899050786959732	0.2862811791381428	0.17270536325541097	5.0	5.0	1.0	7.0	6.0	0.8571428571428571	11.0	1.0	0.012052154195257181	1.0	inf	0.1428571428571429	0.333333333333^2^6	0.333333333333^1^3	0^0^2	0^0^1	0^0^3	0.142857142857^1^7	0^0^5		0^0^4	0.444444444444^4^9		0.5^2^4	0.6^3^5	0^0^2	0.4^2^5	0.5^1^2	0^0^1		0^0^1		0.2^1^5	0^0^2	0.25^1^4		0^0^1	0^0^2	0.5^1^2	0.125^1^8	0.5^1^2	0^0^1		0^0^4	0.5^3^6			0.166666666667^1^6	0.333333333333^1^3	0.25^3^12	0.333333333333^1^3			0.333333333333^1^3	0.333333333333^2^6	0^0^2	0.333333333333^1^3	0^0^2		0^0^2	0^0^2	0^0^2	0^0^1	0.666666666667^2^3	0.5^1^2		0^0^2		0^0^2	0^0^3	0.666666666667^2^3	0^0^3
51	chrY	21206787	A.to.G	5.0		0.40333333333340005	0.19804601036673972	0.33796296296266665	0.061905609816336596	5.0	5.0	1.0	6.0	6.0	1.0	11.0	0.7072635078841193	0.0653703703707334	1.0		0.0	0.333333333333^2^6	0.25^1^4	0^0^1	0^0^1	0^0^3	0.25^2^8	0^0^4		0^0^3	0.444444444444^4^9		0.6^3^5	0.75^3^4	0^0^2	0.4^2^5	1.0^2^2	0^0^1				0.6^3^5	0.5^1^2	0.25^1^4		0^0^1	0^0^2	1.0^1^1	0.25^2^8	0^0^1	0^0^1		0.25^1^4	0.333333333333^2^6			0.166666666667^1^6	0.75^3^4	0.333333333333^4^12	0.333333333333^1^3			0.333333333333^1^3	0.333333333333^2^6	0^0^2	0.333333333333^1^3	0^0^2		0^0^1	0^0^2	0.5^1^2	0^0^1	0.666666666667^2^3	0.5^1^2		0^0^2		0^0^2	0^0^3	0.666666666667^2^3	0^0^3
52	chrY	21206782	A.to.G	5.0		0.3	0.22852182001330734	0.34471500721484993	0.17307438914984127	5.0	4.0	0.8	6.0	6.0	1.0	10.0	0.8534761589661117	0.044715007214849944	0.45454545454545514	0.0	0.19999999999999996	0.333333333333^2^6	0.333333333333^1^3	0.5^1^2	0^0^1	0^0^3	0.4^2^5	0^0^3		0^0^4	0.625^5^8		0.666666666667^2^3	0.6^3^5	0^0^2	0.333333333333^2^6	1.0^2^2	0^0^1		0^0^1		0.4^2^5	0.5^1^2	0.25^1^4		0^0^1	0^0^1	1.0^2^2	0^0^7	0.5^1^2	0^0^2		0^0^2	0.333333333333^2^6			0.166666666667^1^6	0.666666666667^2^3	0.0909090909091^1^11	0.5^1^2			0.333333333333^1^3	0.285714285714^2^7	0.333333333333^1^3	0.5^1^2	0^0^3		0^0^2	0^0^2	0.5^2^4	0^0^1	0.5^2^4	0^0^2		0^0^2		0^0^2	0^0^4	0.666666666667^2^3	0^0^4
53	chrY	21077167	A.to.G	5.0		0.31125541125533335	0.18579267561223925	0.37499999999975	0.08333333333350003	6.0	6.0	1.0	4.0	4.0	1.0	10.0	0.7445914305172062	0.06374458874441663	1.0		0.0		0^0^1	0^0^2	0.666666666667^2^3	0^0^3	0.5^3^6	0^0^1		0.25^1^4	0^0^3		1.0^1^1		0.181818181818^2^11	0^0^3	1.0^1^1			0^0^1		0.142857142857^1^7	0.5^1^2	0.333333333333^2^6			0^0^1	0.333333333333^1^3	0.142857142857^1^7	1.0^1^1	0^0^3		0.333333333333^1^3	0^0^2	0^0^1		0.6^3^5	0^0^2	0.333333333333^2^6	0^0^1			0.4^2^5	0.333333333333^2^6	0^0^3	0^0^1	0.5^2^4	0^0^2	0.333333333333^1^3	0.75^3^4	1.0^1^1	1.0^2^2	0.4^2^5	0^0^1		0^0^2		0^0^3		0.333333333333^1^3	0^0^1
54	chrY	21166784	A.to.G	5.0		0.5833333333335	0.11785113019799365	0.6309523809525001	0.1886219268604435	2.0	2.0	1.0	4.0	4.0	1.0	6.0	1.0	0.04761904761900004	1.0		0.0	0.857142857143^6^7	1.0^1^1		1.0^2^2	1.0^2^2	0.333333333333^1^3	1.0^3^3		0.5^1^2	0^0^3				0.75^3^4		0^0^1			1.0^1^1	1.0^1^1	0.5^1^2	1.0^1^1	0.5^1^2			1.0^2^2		0.666666666667^6^9		1.0^2^2		0^0^1	0.6^3^5			1.0^2^2	0.5^3^6	0.666666666667^8^12		1.0^1^1			0.5^1^2	1.0^1^1	0.75^3^4	0.4^2^5		1.0^1^1	0.5^1^2	0^0^4			0.333333333333^1^3		1.0^1^1		0.666666666667^2^3		1.0^2^2	0.5^1^2
55	chrY	21187247	A.to.G	5.0	5.0	0.4415584415584546	0.23967183638654307	0.41778273809525	0.2397986341858308	11.0	11.0	1.0	16.0	16.0	1.0	27.0	0.7848910049218212	0.023775703463204567	1.0		0.0	0.571428571429^4^7	0.333333333333^1^3	0^0^3	0.4^2^5	0.25^1^4	0.1^1^10	0^0^2		0.333333333333^1^3	0.6^9^15		0^0^3	0.666666666667^2^3	0.2^1^5	0.666666666667^4^6	1.0^1^1			0.25^1^4	0.2^1^5	0.857142857143^6^7	0.25^1^4	0.833333333333^5^6		0.333333333333^1^3	0.222222222222^2^9	0.166666666667^1^6	0.5^7^14	0.666666666667^4^6	0.333333333333^2^6		0.2^1^5	0.875^7^8			0.8^4^5	0.333333333333^2^6	0.277777777778^5^18	0.333333333333^1^3	0^0^3		0.2^1^5	0.666666666667^2^3	0.666666666667^2^3	0.571428571429^4^7	0.5^2^4	1.0^1^1	0.4^2^5	0.4^2^5	0^0^2	0.333333333333^1^3	0.333333333333^2^6	0.333333333333^2^6		0^0^3		0^0^2	1.0^1^1	0.166666666667^1^6	0.333333333333^2^6
56	chrY	16862189	A.to.G	5.0	5.0	0.21671626984125	0.13290731536048883	0.17756613756613335	0.15299369748637268	16.0	14.0	0.875	15.0	11.0	0.7333333333333333	25.0	0.40160001240233456	0.039150132275116656	0.3943888270918312	2.5454545454545454	0.14166666666666672	0.111111111111^1^9	0.4^2^5	0^0^1	0.666666666667^2^3	0.5^1^2	0.5^6^12	0^0^6		0^0^3	0.2^1^5		0.4^2^5	0^0^2	0.25^2^8	0.333333333333^2^6	0^0^1		0^0^1	0.25^1^4	0.2^1^5	0^0^4	0^0^7	0.333333333333^3^9		0.166666666667^1^6	0.285714285714^2^7	0.25^1^4	0.111111111111^1^9	0.666666666667^2^3	0.166666666667^1^6		0.2^2^10	0^0^7			0.2^1^5	0.2^1^5	0.1^1^10	0.2^1^5	0^0^2		0.25^1^4	0^0^6	0.5^2^4	0.5^2^4		0^0^1	0.25^1^4	0.166666666667^1^6	0.166666666667^1^6	1.0^1^1	0.111111111111^1^9	0^0^5		0^0^5		0.166666666667^1^6	0.428571428571^3^7	0.333333333333^3^9	0.4^2^5
57	chrY	21133364	A.to.G	5.0		0.25200892857137497	0.14567061500296982	0.23407148407151668	0.19390833943891567	8.0	7.0	0.875	12.0	10.0	0.8333333333333334	17.0	0.6696813787928395	0.01793744449985829	1.0	1.4	0.04166666666666663	0.0769230769231^1^13	0^0^5	0.5^1^2	0.5^2^4	0^0^2	0.166666666667^1^6	0.75^3^4		0^0^1	0^0^8		0^0^2	0^0^2	0.4^2^5		1.0^1^1			1.0^1^1		0^0^4	0^0^3	0.5^2^4		0^0^3	0.3^3^10	0^0^4	0.1875^3^16	0^0^2	0^0^3		0.307692307692^4^13	0.666666666667^4^6			0.333333333333^3^9	0^0^3	0.0909090909091^1^11	0.5^1^2			0.333333333333^2^6	0.2^1^5	0.333333333333^1^3	0.4^2^5	0^0^5	0.5^2^4	0.4^2^5	0^0^4	0.166666666667^1^6		0.428571428571^3^7	0^0^1		0.333333333333^1^3		0^0^2	0.166666666667^1^6	0.5^2^4	0.2^1^5
58	chrY	21093538	A.to.G	5.0	5.0	0.11093073593072728	0.07404114613767292	0.18020313020311002	0.20307330752105762	11.0	8.0	0.7272727272727273	10.0	7.0	0.7	15.0	0.5677444438602031	0.06927239427238274	1.0	1.1428571428571428	0.027272727272727337	0.111111111111^1^9	0^0^6	0^0^1	0.166666666667^1^6	0.25^1^4	0^0^5	0^0^6		0^0^5	0.222222222222^2^9		0.333333333333^1^3	0.166666666667^1^6	0.142857142857^1^7	0^0^1	1.0^1^1			0^0^2	0.333333333333^1^3	0.125^1^8	0^0^4	0.333333333333^1^3		0.333333333333^1^3	0.666666666667^4^6	1.0^1^1	0.133333333333^2^15	0^0^3	0.285714285714^2^7		0.272727272727^3^11	0.5^2^4			0.2^2^10	0.142857142857^1^7	0.0769230769231^1^13	0^0^3	0^0^1		0.5^2^4	0.166666666667^1^6	0.25^1^4	0^0^6	0^0^1		0^0^2	0^0^2	0.5^1^2	0.5^1^2	0.142857142857^1^7	0^0^3		0.5^1^2		0^0^2	0^0^5	0.666666666667^2^3	0^0^2
59	chrY	14788834	A.to.G	5.0		0.5142857142855	0.12121830534656831	0.43333333333333335	0.05773502691896257	2.0	2.0	1.0	3.0	3.0	1.0	5.0	0.3742593192802244	0.08095238095216661	1.0		0.0	0.4^2^5	0^0^1	0^0^1		0^0^1	1.0^1^1	0.75^3^4			0.25^1^4			0.5^1^2	0^0^1	0.333333333333^1^3				0^0^1	0.5^1^2	0^0^1	0^0^2	0^0^3		0^0^1	0.4^2^5	1.0^1^1	0.428571428571^3^7		0^0^1		0.666666666667^2^3	0.5^1^2			0.333333333333^1^3	1.0^1^1	0^0^4	1.0^1^1	0^0^1		0^0^2			0.5^3^6	1.0^1^1	0.5^1^2		0^0^2			0.333333333333^1^3	0^0^1		0.5^1^2				0.6^3^5	0^0^1
60	chrY	21203900	A.to.G	5.0	10.0	0.34610723077104766	0.1519588653709317	0.27598000632754544	0.16603532031873633	21.0	21.0	1.0	22.0	20.0	0.9090909090909091	41.0	0.12254771855200967	0.07012722444350222	0.4883720930232548	inf	0.09090909090909094	0.266666666667^4^15	0.25^1^4	0^0^1	0.4^2^5	0.25^2^8	0.666666666667^6^9	0^0^5		0.25^2^8	0.235294117647^4^17		0^0^4	0.142857142857^1^7	0.181818181818^2^11	0.111111111111^1^9	0^0^2		0.5^1^2	0.5^7^14	0.3^3^10	0.272727272727^3^11	0.363636363636^4^11	0.307692307692^4^13		0.307692307692^4^13	0.4^6^15	0.272727272727^3^11	0.238095238095^5^21	0.666666666667^4^6	0.1^1^10		0.333333333333^3^9	0.235294117647^4^17			0.375^6^16	0.357142857143^5^14	0.15^3^20	0.714285714286^5^7	0.294117647059^5^17		0.333333333333^3^9	0.153846153846^2^13	0.230769230769^3^13	0.294117647059^5^17	0.3^3^10	0.428571428571^3^7	0^0^7	0.25^3^12	0.25^3^12	0^0^2	0.555555555556^5^9	0.2^1^5		0.428571428571^3^7		0.4^2^5	0^0^4	0.6^6^10	0.222222222222^2^9
61	chrY	15398897	C.to.T	10.0	10.0	0.07301587301593333	0.0904344097349522	0.060227272727275	0.05001475579197105	6.0	3.0	0.5	8.0	5.0	0.625	8.0	1.0	0.01278860028865833	1.0	0.6	0.125	0^0^7	0^0^4		0.142857142857^1^7	0^0^4	0.1^1^10	0.4^2^5		0.25^1^4	0^0^8		0.333333333333^2^6	0^0^5	0^0^10	0.2^2^10	0^0^3	1.0^1^1	1.0^1^1	0.166666666667^2^12	0.111111111111^1^9	0^0^6	0^0^7	0^0^11	1.0^1^1	0.166666666667^1^6	0.333333333333^2^6	0.0909090909091^1^11	0.0714285714286^1^14	0.333333333333^1^3	0^0^10		0.166666666667^1^6	0^0^9	1.0^1^1	1.0^1^1	0^0^1	0^0^5	0.0909090909091^1^11	0^0^4	0^0^6		0^0^10	0.166666666667^1^6	0.1^1^10	0^0^13	0^0^6	0^0^4	0^0^7	0.142857142857^1^7	0.4^2^5	0^0^1	0^0^4	0^0^5	1.0^1^1	0^0^5	1.0^2^2	0^0^2	0^0^5	0^0^11	0.1^1^10
62	chrY	16670069	A.to.G	5.0	5.0	0.07487088934457142	0.08285982679965427	0.13137385490323528	0.10799182040350136	14.0	7.0	0.5	17.0	12.0	0.7058823529411765	19.0	0.13485466282316483	0.056502965558663854	0.2883081040125094	0.4166666666666667	0.20588235294117652	0^0^7	0.181818181818^2^11	0^0^1	0.333333333333^1^3	0.333333333333^1^3	0.25^3^12	0.2^1^5		0^0^2	0^0^3		0^0^2	0.2^1^5	0^0^7	0^0^2	0^0^2			0.111111111111^1^9	0.125^1^8	0^0^6	0^0^5	0^0^7		0.363636363636^4^11	0.142857142857^1^7	0^0^6	0.105263157895^2^19	0.25^1^4	0^0^10		0.166666666667^2^12	0.111111111111^1^9			0^0^5	0.125^1^8	0.153846153846^2^13	0^0^3	1.0^1^1		0^0^4	0.166666666667^1^6	0.125^1^8	0.285714285714^2^7	0.25^1^4	0^0^2	0^0^5	0^0^3	0^0^5	0^0^1	0.125^1^8	0^0^1		0^0^5		0.2^1^5	0^0^1	0^0^10	0.142857142857^1^7
63	chrY	15497658	A.to.G	5.0	10.0	0.18159226394513528	0.2021950101853448	0.23423191391933124	0.18733890808388537	17.0	12.0	0.7058823529411765	16.0	13.0	0.8125	25.0	0.3935647324685734	0.05263964997419596	0.6880184866836714	0.5538461538461539	0.10661764705882348	0.444444444444^4^9	0^0^8	0.666666666667^2^3	0^0^5	0.2^1^5	0.375^3^8	0.142857142857^1^7			0.4^4^10		0.333333333333^1^3	0.5^1^2	0.0833333333333^1^12	0.333333333333^1^3	0^0^2			0.6^3^5	0.166666666667^1^6	0^0^6	0.625^5^8	0.3^3^10		0^0^4	0.6^3^5	0.222222222222^2^9	0.384615384615^5^13	0^0^1	0.384615384615^5^13		0.0833333333333^1^12	0.1^1^10			0.133333333333^2^15	0.142857142857^1^7	0.1^1^10	0.25^1^4	0^0^2		0^0^7	0^0^7	0^0^5	0.428571428571^3^7	0.5^2^4	0.25^1^4	0^0^5	0.4^2^5	0.111111111111^1^9	0.5^1^2	0.181818181818^2^11	0^0^2		0.125^1^8		0^0^3	0.1^1^10	0^0^8	0.25^1^4
64	chrY	14884662	A.to.G	5.0		0.46205357142875003	0.19618201130521848	0.4372571872572308	0.1269339383938006	8.0	8.0	1.0	13.0	13.0	1.0	21.0	0.46734406179862875	0.024796384171519248	1.0		0.0	0.25^1^4	0^0^3		0^0^1	0^0^2	0.25^3^12	0.571428571429^4^7		0^0^3	0.545454545455^6^11			0.25^1^4	0.571428571429^4^7	0^0^4	0^0^1		0^0^3	0.75^3^4	1.0^2^2	0.166666666667^1^6	0.625^5^8	0.5^3^6		1.0^2^2	0.4^2^5	0.333333333333^2^6	0.5^6^12	1.0^2^2	0.6^3^5		0.333333333333^3^9	0.428571428571^3^7			0.571428571429^4^7	0.166666666667^1^6	0.466666666667^7^15	1.0^1^1	1.0^2^2		0^0^2	0.5^3^6	0.5^1^2	1.0^2^2	0^0^2	0.5^1^2	0.555555555556^5^9	0^0^1	1.0^3^3	0^0^1	0.428571428571^3^7			0.666666666667^4^6		0^0^1	0^0^3	0.666666666667^2^3	0.2^1^5
65	chrY	15496865	A.to.G	5.0		0.7714285714286667	0.2060315014550455	0.8380952380953334	0.14661718398407605	3.0	3.0	1.0	3.0	3.0	1.0	6.0	0.653095114932182	0.06666666666666665	1.0		0.0	0.8^4^5	1.0^2^2	1.0^2^2		0.5^1^2	0.5^1^2	0.75^3^4		1.0^2^2	0.666666666667^2^3			0.5^1^2	1.0^2^2	0.5^1^2	0.5^1^2			0.75^3^4	1.0^2^2		0.5^1^2	1.0^3^3			0.75^3^4	1.0^2^2	0.5^1^2		0.5^1^2		1.0^8^8	0.666666666667^2^3			0.714285714286^5^7	0.5^2^4	0.714285714286^5^7	1.0^1^1	0.5^1^2		0.75^3^4	0.5^1^2	1.0^1^1	1.0^3^3	1.0^4^4	1.0^1^1	1.0^1^1	1.0^2^2	1.0^6^6		1.0^1^1	1.0^1^1		1.0^1^1			0.6^3^5	0.5^1^2	0^0^1
66	chrY	21166924	A.to.G	5.0		0.22517006802714284	0.21428067517374455	0.24232882502107692	0.16279984167551245	7.0	5.0	0.7142857142857143	13.0	11.0	0.8461538461538461	16.0	0.7798924028670313	0.01715875699393407	0.5867905056759548	0.45454545454545453	0.13186813186813184	0.285714285714^2^7	0.333333333333^1^3	0.5^1^2	0^0^2	0.5^2^4	0.125^1^8	0^0^1		0^0^1	0.5^2^4		0.666666666667^2^3	0^0^1	0.333333333333^1^3	0.6^3^5	0^0^2			0^0^1	0.166666666667^1^6	0^0^4	0^0^1	0.5^3^6		0^0^5	0.1^1^10	0.4^2^5	0.142857142857^2^14	0.666666666667^2^3	0.333333333333^2^6		0.285714285714^2^7	0.4^2^5			0.333333333333^3^9	0^0^11	0.153846153846^2^13	0^0^2			0.25^1^4	0^0^5	0.333333333333^1^3	0.5^1^2	0.4^2^5	0^0^1	0^0^2	0^0^5	0^0^3	1.0^1^1	0.166666666667^1^6	0^0^1		0.5^1^2		0^0^2	0^0^2	0.333333333333^2^6	0.666666666667^2^3
67	chrY	16843664	A.to.G	5.0		0.16613756613755556	0.1809436784316665	0.21683982683994	0.16725161121388607	9.0	5.0	0.5555555555555556	10.0	9.0	0.9	14.0	0.5058778177527996	0.05070226070238443	0.1408668730650157	0.1388888888888889	0.34444444444444444	0^0^5	0^0^3		0.4^2^5	0^0^2	0.0833333333333^1^12	0^0^4			0^0^1		0^0^1	0.166666666667^1^6	0^0^4	0.428571428571^3^7			0^0^3	0.5^1^2	0^0^1	0^0^6	0^0^2	0.166666666667^1^6		1.0^2^2	0.333333333333^1^3	0.166666666667^1^6	0^0^14	0.25^1^4	0.571428571429^4^7		0.272727272727^3^11	0.166666666667^1^6			0.333333333333^3^9	0^0^1	0.0909090909091^1^11	0^0^1	0^0^1		0^0^3	0.333333333333^1^3	0.25^2^8	0.25^1^4	0^0^2		0.4^2^5	0.166666666667^1^6	0.5^2^4	0^0^2	0.333333333333^1^3	0.5^1^2		0^0^5		0.5^1^2	0^0^5	0^0^2	0^0^3
68	chrY	16843665	A.to.G	5.0		0.25089285714295	0.20896236426524167	0.2943073593073	0.21509876436904335	8.0	7.0	0.875	10.0	8.0	0.8	15.0	0.5619556959214069	0.04341450216435	1.0	1.75	0.07499999999999996	0.333333333333^2^6	0^0^3		0.25^1^4	0^0^1	0.25^3^12	0.25^1^4			0^0^1		0^0^1	0.166666666667^1^6	0^0^4	0.285714285714^2^7			0.333333333333^1^3	0^0^2	0.5^1^2	0.166666666667^1^6	0^0^2	0.4^2^5		0.666666666667^2^3	0.333333333333^1^3	0^0^5	0.0714285714286^1^14	0^0^4	0.714285714286^5^7		0.272727272727^3^11	0^0^5			0.25^2^8	0^0^1	0.272727272727^3^11	1.0^1^1	0^0^1		0.75^3^4	0.75^3^4	0.5^4^8	0.5^2^4	0^0^2		0.2^1^5	0.666666666667^4^6	0^0^4	0^0^2	0.333333333333^1^3	0.5^1^2		0.4^2^5		1.0^2^2	0^0^5	0.5^1^2	0.333333333333^1^3
69	chrY	21890383	A.to.G	5.0		0.2546296296296667	0.13521530613182983	0.4536009445100909	0.14448123360979306	9.0	8.0	0.8888888888888888	11.0	11.0	1.0	19.0	0.006934125916091952	0.19897131488042424	0.4500000000000001	0.0	0.11111111111111116	0.4^4^10	0.333333333333^1^3		0^0^1	0.2^1^5	0.5^2^4	0.5^1^2		0.666666666667^2^3	0.363636363636^4^11			0.333333333333^1^3	0.166666666667^1^6		0.666666666667^2^3		0^0^1	0.666666666667^2^3	1.0^2^2	0.4^2^5	1.0^1^1	0.666666666667^4^6			0.454545454545^5^11	0.5^2^4	0.25^3^12	0^0^1	0.4^2^5		0.4^2^5	0.4^2^5			0.375^3^8	0.25^1^4	0.571428571429^4^7	0.166666666667^1^6	1.0^2^2		0.333333333333^2^6	0.25^1^4	0^0^2	0.5^3^6	1.0^2^2		0.666666666667^4^6	0.5^2^4	1.0^1^1		0.4^2^5			0.333333333333^1^3			0^0^6	0^0^2	0.166666666667^1^6
70	chrY	16749946	A.to.G	5.0		0.6933333333334001	0.22410315085294488	0.8452380952380001	0.016835875742873648	5.0	5.0	1.0	2.0	2.0	1.0	7.0	0.3329216080655659	0.1519047619046	1.0		0.0	1.0^2^2	0.666666666667^4^6	0^0^1	1.0^1^1		1.0^2^2	1.0^3^3			0.666666666667^2^3		0^0^1	1.0^1^1	1.0^6^6	1.0^1^1			1.0^2^2	1.0^2^2		1.0^2^2	0.5^1^2	1.0^2^2			0^0^1	1.0^2^2	0.4^2^5	0^0^1	1.0^1^1		0.857142857143^6^7	1.0^2^2			0.8^4^5	0.5^1^2	0.833333333333^5^6				0.5^1^2		0.5^1^2	1.0^1^1			1.0^1^1	0.5^1^2	1.0^2^2		0.6^3^5			1.0^1^1			1.0^2^2	1.0^1^1	1.0^2^2
71	chrY	2842885	A.to.G	5.0		0.5333333333335	0.22443344307484486	0.6295238095238	0.25648946971082554	4.0	4.0	1.0	5.0	5.0	1.0	9.0	0.3852612410903167	0.09619047619030008	1.0		0.0	0.8^4^5	0.2^1^5		0.5^2^4		0^0^2	0^0^2		0^0^2	0.25^1^4			1.0^2^2	0.666666666667^4^6	1.0^3^3				1.0^3^3	0^0^2	0.333333333333^1^3	0^0^1	1.0^4^4		0.5^1^2	0.833333333333^5^6	0.333333333333^1^3	0.666666666667^6^9	0.333333333333^1^3	0.2^1^5		0.75^3^4	0.666666666667^2^3			0.666666666667^2^3		0.714285714286^5^7	1.0^1^1	1.0^2^2		0.6^3^5	0.5^2^4	0.666666666667^2^3	0.6^3^5	1.0^2^2		1.0^1^1	0^0^1	0.75^3^4	1.0^1^1	0.25^1^4			0^0^1		1.0^1^1	0^0^1	1.0^3^3	0.333333333333^1^3
72	chrY	21890419	A.to.G	5.0		0.306637806638	0.2294406327174739	0.379365079365	0.12441852661780123	3.0	3.0	1.0	6.0	6.0	1.0	9.0	0.43472400072864303	0.07272727272700003	1.0		0.0	0.3^3^10	1.0^1^1		0.666666666667^2^3	0^0^1	0.333333333333^1^3	0^0^3		0^0^1	0.333333333333^2^6			0^0^2	0^0^4	0.5^1^2	0^0^1			0.25^1^4	0.25^1^4	0^0^3	0^0^1	0.333333333333^1^3		0^0^2	0^0^2	0.333333333333^1^3	0.181818181818^2^11	0^0^1	0.25^1^4		0.571428571429^4^7	0.285714285714^2^7			0.571428571429^4^7	0^0^4	0.285714285714^2^7	0.5^1^2	1.0^1^1		0^0^1	0^0^3		0.5^3^6	0^0^1	0^0^2	0.666666666667^2^3		0.333333333333^1^3		0.166666666667^1^6					0^0^1	0.25^1^4	0^0^3	0.666666666667^2^3
73	chrY	21148419	A.to.G	5.0		0.6049886621314285	0.22326931798316516	0.6530864197532222	0.18034413072509764	7.0	7.0	1.0	9.0	9.0	1.0	16.0	0.6690070855620582	0.04809775762179369	1.0		0.0	0.4^4^10	0.666666666667^2^3	0^0^1	0.75^3^4	1.0^4^4	0.777777777778^7^9	0.4^2^5		1.0^2^2	0.777777777778^7^9		1.0^2^2		0.333333333333^1^3	0.666666666667^4^6	0^0^1		1.0^1^1	0.666666666667^2^3	0.666666666667^2^3	0.428571428571^3^7	1.0^1^1	0.666666666667^2^3		1.0^3^3	1.0^4^4	0.75^3^4	0.777777777778^7^9		0.5^2^4		0.888888888889^8^9				0.533333333333^8^15	0.4^2^5	0.666666666667^12^18	0.666666666667^2^3	1.0^2^2		0.5^2^4	0.5^2^4	1.0^3^3	1.0^2^2	0.8^4^5	0^0^1	0.666666666667^6^9	0.5^1^2	1.0^2^2		1.0^5^5	0^0^1		1.0^3^3		0.333333333333^1^3	0.428571428571^3^7	0.333333333333^1^3	0.5^3^6
74	chrY	21192766	A.to.G	5.0	5.0	0.21071428571430004	0.19267554648460367	0.14168227605719375	0.12773382494770583	11.0	9.0	0.8181818181818182	16.0	11.0	0.6875	20.0	0.38232538012730444	0.06903200965710629	0.6618357487922693	2.0454545454545454	0.13068181818181823	0.1^1^10	0.666666666667^2^3	0^0^5	0^0^3	0.333333333333^2^6	0^0^4	0^0^3		0^0^3	0.333333333333^6^18		0^0^2	0.333333333333^1^3	0.125^1^8	0.6^3^5	0^0^2			0.333333333333^1^3	0.125^1^8	0^0^6	0^0^3	0^0^5		0^0^3	0.0909090909091^1^11	0^0^6	0.166666666667^2^12	0.333333333333^1^3	0^0^4		0.166666666667^2^12	0^0^7			0^0^3	0.5^3^6	0.125^2^16	0^0^2	0^0^3		0.0833333333333^1^12	0.142857142857^1^7	0.5^2^4	0.230769230769^3^13	0.285714285714^2^7	0^0^1	0^0^5	0.5^1^2	0.2^1^5	0^0^2	0.166666666667^1^6	0.333333333333^3^9		0^0^5		0^0^3	0^0^3	0.142857142857^1^7	0.333333333333^2^6
75	chrY	15507821	A.to.G	5.0		0.16111111111116663	0.08004628290812853	0.43390652557322223	0.20365583423668912	6.0	5.0	0.8333333333333334	9.0	9.0	1.0	14.0	0.016283438989839964	0.2727954144620556	0.39999999999999963	0.0	0.16666666666666663	0.2^1^5	0^0^3	1.0^1^1	0.166666666667^1^6	0.2^1^5	0^0^1	0.25^1^4		0^0^2	0.444444444444^4^9		0^0^2		0.333333333333^1^3	0.5^2^4	1.0^1^1			0.333333333333^1^3	1.0^1^1	0.25^1^4	0^0^1	0.714285714286^5^7		0.6^3^5	0.571428571429^4^7	0^0^4	0^0^7	0.166666666667^1^6	0^0^1		0.333333333333^2^6	0.5^2^4			0.2^1^5	0.5^1^2	0.25^2^8	0.2^1^5	0.25^1^4		0.25^1^4	0.75^3^4	0^0^1	0.625^5^8	0^0^3	0^0^1	0.25^1^4	1.0^3^3	0^0^1		0^0^2	0^0^2		0.5^2^4			0.2^1^5	0.75^3^4	1.0^2^2
76	chrY	15429080	A.to.G	5.0		0.17671957671966665	0.18119414370310902	0.17879527879516666	0.10262448558772844	9.0	6.0	0.6666666666666666	6.0	5.0	0.8333333333333334	11.0	0.6308719173229826	0.0020757020755000077	0.6043956043956044	0.4	0.16666666666666674	0.222222222222^2^9	0.25^1^4	0^0^1	0^0^2	0^0^1	0.142857142857^1^7	0.25^1^4		0.5^1^2	0.307692307692^4^13		0^0^1	0.5^2^4	0^0^5	0^0^2			0^0^1	0^0^4	0^0^4	0.2^1^5	0.25^1^4	0^0^2		0^0^3	0^0^3		0.166666666667^2^12	0^0^1	0.5^2^4		0.5^2^4	0^0^4			0^0^5	0.166666666667^1^6	0^0^8	0^0^2			0.2^1^5	0^0^3	0.2^1^5	0.333333333333^1^3	0^0^2	0^0^1	0.25^1^4	0.333333333333^1^3	0.285714285714^2^7	0^0^2	0.25^1^4	0.5^1^2		0^0^4			0^0^7	0.571428571429^4^7	0.2^1^5
77	chrY	16867599	A.to.G	5.0		0.565476190476	0.2976190476192	0.541817904317923	0.18847714951943956	4.0	4.0	1.0	13.0	13.0	1.0	17.0	0.864806162594201	0.02365828615807697	1.0		0.0	0.454545454545^5^11	0.5^1^2		0.5^1^2	0.666666666667^2^3	0.4^2^5	0.666666666667^4^6		0.333333333333^1^3	0.375^3^8			0^0^2	0.5^2^4	0.666666666667^2^3				0^0^4	0.333333333333^2^6	0.25^1^4	0^0^1	0.5^4^8		0.75^3^4	0.6^6^10	0.5^2^4	0.428571428571^3^7	0.333333333333^1^3	0.666666666667^2^3		0.857142857143^6^7	0.777777777778^7^9			1.0^6^6	0.5^2^4	0.1875^3^16	0^0^1			0.333333333333^2^6	0.6^3^5	1.0^2^2	0.666666666667^4^6	0.5^1^2		1.0^3^3	0.5^1^2	0.666666666667^2^3		0.5^3^6	0^0^2		0^0^1		0.5^1^2	0.666666666667^2^3	0.25^1^4	0.625^5^8
78	chrY	15382848	A.to.G	5.0	5.0	0.0348214285714375	0.06882490079189034	0.1343075905575556	0.10244674521653997	16.0	4.0	0.25	18.0	14.0	0.7777777777777778	18.0	0.0035157500364405743	0.0994861619861181	0.005092329587637116	0.09523809523809523	0.5277777777777778	0.2^2^10	0.2^1^5	0^0^1	0^0^5	0.166666666667^1^6	0^0^10	0.333333333333^2^6		0^0^6	0.153846153846^2^13		0^0^3	0.333333333333^1^3	0^0^6	0^0^4	0^0^1			0^0^5	0.111111111111^1^9	0^0^6	0.142857142857^1^7	0.333333333333^2^6		0.142857142857^1^7	0^0^9	0.166666666667^1^6	0.047619047619^1^21	0.25^1^4	0.1^1^10		0^0^9	0.222222222222^2^9			0^0^9	0^0^5	0.0625^1^16	0.333333333333^1^3	0^0^3		0^0^6	0.125^1^8	0^0^4	0.1^1^10	0^0^6	0^0^3	0.2^1^5	0^0^3	0^0^6	0^0^1	0^0^6	0.333333333333^1^3		0^0^1		0^0^4	0^0^8	0^0^6	0.166666666667^1^6
79	chrY	15382847	A.to.G	5.0	5.0	0.06143790849676471	0.11284191163978385	0.10225563909773683	0.10277676082307154	17.0	5.0	0.29411764705882354	19.0	11.0	0.5789473684210527	16.0	0.14309507175201222	0.040817730600972116	0.10646612177782014	0.30303030303030304	0.2848297213622291	0.1^1^10	0.2^1^5	0^0^1	0^0^5	0.166666666667^1^6	0.2^2^10	0.333333333333^2^6		0^0^6	0^0^10		0^0^3	0.5^2^4	0.166666666667^1^6	0^0^4	0^0^1			0.4^2^5	0^0^10	0^0^5	0^0^7	0.166666666667^1^6		0.142857142857^1^7	0^0^9	0.166666666667^1^6	0^0^20	0.2^1^5	0.2^2^10		0.111111111111^1^9	0.222222222222^2^9			0.111111111111^1^9	0^0^5	0^0^16	0.25^1^4	0^0^3		0^0^6	0^0^8	0.25^1^4	0.1^1^10	0^0^6	0^0^3	0^0^5	0^0^3	0^0^6	0^0^1	0^0^7	0^0^3		0^0^2		0^0^5	0^0^8	0^0^6	0^0^6
80	chrY	21149255	A.to.G	5.0	5.0	0.20656415343916668	0.15981585449670957	0.2222384270511818	0.1238729260138576	12.0	9.0	0.75	11.0	10.0	0.9090909090909091	19.0	0.7106915037905106	0.01567427361201512	0.5900621118012424	0.3	0.15909090909090906	0.125^1^8	0^0^6	1.0^1^1	0.5^2^4	0.166666666667^1^6	0.222222222222^2^9	0.5^1^2		0.166666666667^1^6	0.416666666667^5^12		0^0^2	0^0^3	0.25^2^8	0.2^1^5	1.0^1^1		0^0^1	0.333333333333^1^3	0.25^1^4	0.222222222222^2^9	0.285714285714^2^7	0.222222222222^2^9		0^0^3	0.1^1^10	0.125^1^8	0.4375^7^16	1.0^1^1	0.25^1^4		0.272727272727^3^11	0.25^1^4			0^0^10	0.5^2^4	0.294117647059^5^17	1.0^1^1	0^0^1		0^0^6	0.333333333333^5^15	0.5^1^2	0.333333333333^2^6	0.5^1^2	0.666666666667^2^3	0^0^5	0.333333333333^1^3	0.25^1^4	0^0^1	0.25^2^8	0^0^3		0.333333333333^1^3		0^0^2	0^0^3	0.5^4^8	0.5^2^4
81	chrY	21157001	A.to.G	5.0		0.27301587301566665	0.06756760842456329	0.22176870748299998	0.2062122343235189	3.0	3.0	1.0	7.0	5.0	0.7142857142857143	8.0	0.4901529604158249	0.05124716553266667	1.0	inf	0.2857142857142857	0^0^8	0^0^3		0.5^1^2	0^0^2	0.333333333333^1^3	0.166666666667^1^6		0^0^3	0.333333333333^1^3					0^0^2			0^0^1	0^0^4	0^0^3	0^0^4	0.5^1^2	0^0^3		0^0^2	0.666666666667^2^3	0.2^1^5	0.333333333333^3^9	0.666666666667^2^3	0.25^1^4		0.285714285714^2^7	0.6^3^5			0.285714285714^2^7	0.2^1^5	0.3^3^10	0^0^1	0^0^1		0^0^2	0^0^5		0.5^1^2	0^0^1	1.0^1^1	0^0^2	0^0^2	0.333333333333^1^3		0.5^1^2	0.5^1^2		0^0^3		0^0^2	0^0^2	0^0^1	0^0^1
82	chrY	21071632	A.to.G	5.0	5.0	0.17651515151522	0.17094784585793185	0.19456034161908461	0.1940988723387406	10.0	8.0	0.8	13.0	8.0	0.6153846153846154	16.0	0.9748492834651008	0.018045190103864628	0.4050343249427922	2.5	0.18461538461538463	0.4^2^5	0^0^4		0^0^4	0^0^2	0.5^5^10	0^0^4		0^0^2	0.2^1^5		1.0^1^1	0^0^4	0^0^7	0.0909090909091^1^11	0^0^1		1.0^1^1	0.6^3^5	0^0^2	0.25^2^8	0^0^4	0^0^8		0.25^1^4	0^0^5	0.333333333333^3^9	0.0909090909091^1^11	0^0^5	0.0909090909091^1^11		0.4^2^5	0^0^3			0.2^1^5	0.166666666667^1^6	0.176470588235^3^17	0^0^1	0^0^2		0.25^1^4	0^0^5	0.25^1^4	0^0^5	0^0^2	0.25^1^4	0.428571428571^3^7	0.2^1^5	0^0^1	0^0^1	0.166666666667^1^6	0.25^1^4		0.5^1^2		0^0^5	0.25^1^4	0.25^1^4	0.25^1^4
83	chrY	21188477	A.to.G	10.0	10.0	0.16025733525735	0.05865424424996735	0.21934176934176247	0.07567663998747565	6.0	6.0	1.0	8.0	8.0	1.0	14.0	0.13677268740537696	0.05908443408441247	1.0		0.0	0.214285714286^3^14	0^0^7		0^0^4	0.4^2^5	0.181818181818^2^11	0.4^2^5		0.25^1^4	0.307692307692^4^13		0.666666666667^2^3	0.25^1^4	0.166666666667^2^12	0.0909090909091^1^11	0^0^2			0.25^2^8	0.5^2^4	0.285714285714^2^7	0.2^2^10	0.6^3^5	0^0^1	0.166666666667^1^6	0.333333333333^3^9	0.428571428571^3^7	0.111111111111^2^18		0.0909090909091^1^11		0.266666666667^4^15	0.272727272727^3^11			0.25^4^16	0.142857142857^1^7	0.277777777778^5^18	0.5^2^4	1.0^1^1		0.333333333333^3^9	0.142857142857^2^14	0.333333333333^1^3	0.25^2^8	0.333333333333^2^6	0^0^2	0.2^1^5	0.333333333333^2^6	0.142857142857^1^7		0.142857142857^2^14	0^0^2		0.2^1^5		0^0^1	0^0^9	0.111111111111^1^9	0.5^2^4
84	chrY	21188473	A.to.G	5.0	10.0	0.3623544973545334	0.16828758185471807	0.3508330340682667	0.13506969841970323	15.0	14.0	0.9333333333333333	15.0	15.0	1.0	29.0	0.723736827266608	0.011521463286266687	1.0	0.0	0.06666666666666665	0.25^4^16	0^0^6		0^0^3	0.5^2^4	0.25^2^8	0.4^2^5		0.2^1^5	0.5^6^12		0.333333333333^1^3	0^0^2	0.5^5^10	0.3^3^10	0^0^2			0.375^3^8	0^0^4	0.166666666667^1^6	0.2^2^10	0.6^3^5		0.5^3^6	0.444444444444^4^9	0.142857142857^1^7	0.333333333333^5^15		0.375^3^8		0.461538461538^6^13	0.333333333333^3^9			0.5^8^16	0.25^1^4	0.352941176471^6^17	1.0^4^4			0.571428571429^4^7	0.166666666667^2^12	0^0^2	0.285714285714^2^7	0.2^1^5	0^0^1	0.5^2^4	0.5^2^4	0.428571428571^3^7		0.333333333333^4^12	0^0^1		0.4^2^5		1.0^1^1	0.555555555556^5^9	0.571428571429^4^7	0^0^3
85	chrY	21188472	A.to.G	10.0	10.0	0.4165953654188	0.022440821770169175	0.5540472599296667	0.2230276184232944	5.0	5.0	1.0	6.0	6.0	1.0	11.0	0.08213856110808998	0.13745189451086676	1.0		0.0	0.25^4^16	0.333333333333^2^6		0.25^1^4	1.0^4^4	0.5^5^10	0.666666666667^4^6		0.5^3^6	0.916666666667^11^12		0.333333333333^1^3	1.0^3^3	0.454545454545^5^11	0.333333333333^3^9	0^0^2			0.428571428571^3^7	0.5^2^4	0.666666666667^4^6	0.4^4^10	0.75^3^4		0.571428571429^4^7	0.5^4^8	0.666666666667^4^6	0.4^6^15		0.444444444444^4^9		0.666666666667^8^12	0.375^3^8			0.411764705882^7^17	0.4^2^5	0.529411764706^9^17	1.0^4^4			0.857142857143^6^7	0.461538461538^6^13	0.5^1^2	0.166666666667^1^6	0.5^3^6	0^0^1	0.6^3^5	0.5^2^4	0.5^3^6		0.416666666667^5^12	0^0^1		0.6^3^5		1.0^1^1	0.555555555556^5^9	0.428571428571^3^7	0.666666666667^2^3
86	chrY	21091475	A.to.G	5.0		0.2555555555556667	0.1261979632398887	0.4772727272726667	0.16461826616064068	3.0	3.0	1.0	6.0	6.0	1.0	9.0	0.11353247591183233	0.22171717171699995	1.0		0.0	0.6^3^5	0.25^1^4		0^0^3		0.6^3^5	0.666666666667^2^3		0^0^1	0.5^1^2				0.4^2^5	0.5^1^2			1.0^1^1	0^0^2	1.0^1^1	0^0^1	0.25^1^4	0.666666666667^2^3		0^0^2	0.5^3^6	0.666666666667^2^3	0.2^1^5	0^0^1	0.75^3^4		0^0^4	0.6^3^5			0.166666666667^1^6	1.0^3^3	0.363636363636^4^11		1.0^1^1		0^0^1	0.2^1^5	0^0^2	0.5^1^2	0.5^1^2	1.0^1^1	0.666666666667^2^3	1.0^2^2	0^0^1	1.0^1^1	0^0^1	1.0^1^1		0^0^3			0^0^1	0^0^2	0.25^1^4
87	chrY	16654723	A.to.G	5.0		0.16696428571425	0.03883671994812161	0.20833333333325	0.1540553088626547	4.0	4.0	1.0	8.0	6.0	0.75	10.0	0.34854668724459303	0.04136904761899998	0.5151515151515155	inf	0.25	0.444444444444^4^9	0^0^4		0^0^2	0^0^2	1.0^1^1	0^0^3		0^0^2	0.166666666667^1^6			0.25^1^4	0.2^1^5	0.5^1^2			0^0^2	0^0^1	0.5^1^2	0.25^1^4	0^0^4	0^0^4		0^0^4	0.222222222222^2^9	0^0^2	0.142857142857^2^14	1.0^1^1	0^0^5		0.333333333333^3^9	0^0^3			0.2^1^5	0.333333333333^1^3	0.214285714286^3^14	0^0^1	0^0^2		0.5^1^2	0.285714285714^2^7	0^0^1	0^0^3	0^0^5		0^0^2	0.5^1^2	0^0^1	0.333333333333^1^3	0.125^1^8			0.333333333333^1^3			0.25^1^4	0.5^2^4	0.666666666667^2^3
88	chrY	16870573	A.to.G	5.0		0.2919070512820125	0.1736068868650954	0.2834084896585	0.14725877485563568	8.0	8.0	1.0	12.0	12.0	1.0	20.0	0.9073117905496535	0.00849856162351248	1.0		0.0	0.571428571429^4^7			1.0^1^1	0.5^1^2	0.25^1^4	0.5^1^2		0^0^3	0.5^2^4		0^0^2	1.0^1^1	0.4^2^5	0.6^3^5	0.5^1^2			0.2^1^5	0.285714285714^2^7	0.333333333333^2^6	0^0^1	0.125^1^8		0.166666666667^1^6	0.5^2^4	0.2^1^5	0.0769230769231^1^13	0.333333333333^1^3	0.285714285714^2^7		0.571428571429^4^7	0.222222222222^2^9			0.4^2^5	0.125^1^8	0.333333333333^3^9	0.5^1^2	0^0^1		0^0^3	0.333333333333^1^3	1.0^1^1	0.272727272727^3^11	0.166666666667^1^6		0^0^3	0^0^2		0^0^1	0.2^1^5	0^0^1		1.0^2^2		0.333333333333^1^3	0.333333333333^1^3	0.5^2^4	0.2^1^5
89	chrY	21149328	A.to.G	5.0		0.36666666666671427	0.19467592311729834	0.4440275773608889	0.2086543000122183	7.0	7.0	1.0	9.0	9.0	1.0	16.0	0.42658194895725177	0.07736091069417461	1.0		0.0	0.416666666667^5^12	0.5^1^2	1.0^1^1	0^0^1	1.0^3^3	0.666666666667^4^6	0^0^2		0^0^3	0.111111111111^1^9		0^0^3	0^0^2	0.166666666667^1^6	0.333333333333^1^3	1.0^1^1			0.25^1^4	0.666666666667^2^3	0.333333333333^1^3	0.5^3^6	0.333333333333^2^6		0.5^1^2	0.8^4^5	0.444444444444^4^9	0.166666666667^2^12		0.666666666667^2^3		0.428571428571^3^7	0.333333333333^1^3			0.25^1^4	0.285714285714^2^7	0.545454545455^6^11		1.0^2^2		0.4^2^5	0.25^2^8	0^0^1	0.75^3^4	0.5^1^2	0.666666666667^2^3	0.75^3^4	0.5^2^4	0^0^1	0^0^1	0.714285714286^5^7	1.0^2^2		0.333333333333^2^6		0.5^1^2	0.666666666667^2^3	0.5^2^4	0^0^3
90	chrY	16916916	A.to.G	5.0		0.4142857142855	0.020203050890741155	0.3866666666666	0.24675674031097466	2.0	2.0	1.0	5.0	5.0	1.0	7.0	0.43022269113219125	0.027619047618899994	1.0		0.0	0.25^1^4	0^0^1		0^0^1	1.0^1^1	0.4^2^5	0.5^1^2			0.2^1^5			0^0^1		1.0^2^2	0.5^1^2			1.0^2^2	0.5^1^2	0^0^1	1.0^1^1	0.333333333333^1^3		0^0^2	0^0^2	0.2^1^5	0.428571428571^3^7		0.8^4^5		0.25^1^4	0.5^1^2			0.4^2^5	0.333333333333^1^3	0.5^2^4	0^0^1			0^0^1	0.333333333333^2^6	0.333333333333^1^3	1.0^3^3	1.0^1^1	1.0^1^1	0.5^1^2		0^0^1			1.0^1^1		0^0^1		0.5^1^2	0^0^2	0.333333333333^1^3	0^0^1
91	chrY	21188274	A.to.G	5.0	5.0	0.034188034188000004	0.07758499636170167	0.11298185941037855	0.15420711025418563	11.0	2.0	0.18181818181818182	14.0	7.0	0.5	9.0	0.13426875838783434	0.07879382522237854	0.2077157087091126	0.2222222222222222	0.3181818181818182	0^0^8	0^0^8	0^0^1	0^0^2	0^0^4	0^0^9	0.333333333333^1^3		0^0^3	0.222222222222^2^9		0^0^5	0^0^2	0^0^7	0.222222222222^2^9	0^0^1			0.25^1^4	0.25^1^4	0^0^3	0^0^8	0^0^6		0.25^1^4	0.333333333333^3^9	0^0^6	0^0^16	0^0^1	0.142857142857^1^7		0.1^1^10	0.5^4^8			0^0^9	0^0^4	0.0833333333333^1^12	0^0^1	0.5^1^2		0^0^4	0^0^14	0^0^3	0^0^6	0^0^5	0^0^2	0.333333333333^1^3	0.333333333333^1^3	0^0^6		0.153846153846^2^13	0^0^1		0^0^4		0^0^4	0^0^7	0^0^5	0.2^1^5
92	chrY	21142810	A.to.G	5.0		0.15066137566133334	0.1543118541010987	0.19821428571424998	0.14452400564817514	6.0	4.0	0.6666666666666666	8.0	6.0	0.75	10.0	0.5129949215678381	0.04755291005291665	1.0	0.6666666666666666	0.08333333333333337	0^0^7	0^0^7		0^0^1	0^0^4	0^0^6	0^0^3		1.0^1^1	0.4^2^5		0^0^2	0.5^1^2	0^0^4	0^0^3	0.5^1^2			0^0^2	0^0^2	0^0^5	0^0^2	0^0^2		0^0^1	0.166666666667^1^6	0^0^3	0.111111111111^1^9	0^0^1	0.2^1^5		0.285714285714^2^7	0^0^3			0.25^2^8	0.4^2^5	0.2^2^10	0^0^2	0^0^1		0.142857142857^1^7	0.333333333333^2^6		0.5^2^4		0.5^1^2	0.333333333333^1^3	0^0^1	0^0^2		0^0^4	0^0^1		0^0^1		0^0^2	0^0^1	0^0^2	
93	chrY	15405425	A.to.G	5.0	5.0	0.4232323232323637	0.23478146105618272	0.4133333333333001	0.2049992472133869	11.0	10.0	0.9090909090909091	10.0	10.0	1.0	20.0	0.8014980593786274	0.009898989899063626	1.0	0.0	0.09090909090909094	0.1^1^10	0.4^2^5	0^0^1	0.5^2^4	0.666666666667^2^3	0.333333333333^2^6				0.333333333333^2^6		0.666666666667^2^3	0^0^3	0.6^3^5	0.5^1^2	0^0^1		1.0^1^1	0.4^2^5	0^0^4	0.666666666667^4^6	0.5^2^4	0.5^3^6		0^0^4	0.666666666667^6^9	0.5^2^4	0.166666666667^1^6	0.5^1^2	0.5^2^4		0.2^2^10	0.8^4^5			0^0^6	0.4^2^5	0.4^4^10		0.333333333333^1^3		0.8^4^5	0.4^2^5	0.5^1^2	0.4^2^5		0^0^1	0.75^3^4	0.25^1^4	0.333333333333^1^3	0.5^1^2	0.6^3^5	0.5^1^2		0.5^1^2			0.222222222222^2^9	0.4^2^5	1.0^1^1
94	chrY	21200833	A.to.G	5.0	5.0	0.3290131437189091	0.15142724248996395	0.1377380952381	0.11747647089690809	11.0	11.0	1.0	10.0	7.0	0.7	18.0	0.007280523044556271	0.19127504848080912	0.09022556390977444	inf	0.30000000000000004	0.1^1^10	0.5^2^4	0.5^1^2	0^0^4	0^0^1	0^0^9	0.166666666667^1^6		0.25^1^4	0.2^2^10		0.6^3^5	0^0^1	0.25^1^4	0^0^3	0^0^1		1.0^1^1	0.5^3^6	0^0^3	0.2^1^5	0.333333333333^1^3	0^0^4		0.333333333333^1^3	0.5^2^4	0^0^6	0.230769230769^3^13	0^0^4	0.333333333333^2^6		0.285714285714^2^7	0.166666666667^2^12			0.176470588235^3^17	0.142857142857^1^7	0.125^2^16	0.333333333333^1^3	0.333333333333^1^3		0.4^2^5	0.25^1^4	0.5^1^2	0.333333333333^1^3	0.666666666667^2^3	0.5^1^2	0^0^5	0.666666666667^2^3	0.285714285714^2^7	0.5^1^2	0.25^2^8	0^0^2		0.333333333333^2^6		0^0^2	0.5^3^6	0.25^1^4	0.333333333333^1^3
95	chrY	21090156	A.to.G	10.0	10.0	0.7236363636364	0.14147653746100486	0.736553030303	0.16953153171804686	5.0	5.0	1.0	8.0	8.0	1.0	13.0	0.8235569477268754	0.012916666666599963	1.0		0.0	0.583333333333^7^12	0.4^2^5		0.666666666667^2^3	1.0^2^2	0.4^2^5	0.5^3^6		0^0^3	0.666666666667^2^3		0.714285714286^5^7	0.5^2^4	0.818181818182^9^11	0.75^6^8	0.5^1^2				0.636363636364^7^11	0.666666666667^4^6	0.5^1^2	0.888888888889^8^9		0.571428571429^4^7	0.8^8^10	0.428571428571^3^7	0.5^6^12	0.666666666667^2^3	0.8^8^10		0.454545454545^5^11	0.8^8^10			0.444444444444^4^9	0.75^3^4	0.75^6^8	1.0^8^8	0.666666666667^12^18		0.8^8^10	0.6^3^5	1.0^7^7	0.818181818182^9^11	0.875^7^8	0.875^7^8	0.5^4^8	0.666666666667^4^6	0.833333333333^10^12	1.0^2^2	0.75^3^4	1.0^4^4		0.714285714286^5^7		0.5^1^2	0.666666666667^2^3	0.625^5^8	1.0^10^10
96	chrY	16743304	A.to.G	5.0		0.39111111111100005	0.13752665286024368	0.461309523809375	0.17968473813392719	5.0	5.0	1.0	8.0	8.0	1.0	13.0	0.416233795582888	0.07019841269837496	1.0		0.0	0.428571428571^3^7	0.25^1^4	1.0^1^1	0^0^2		0.5^2^4	0.5^1^2			0.6^3^5		0^0^1	0^0^2	0.333333333333^2^6	0.4^2^5	0^0^1			0.4^2^5	1.0^2^2	0^0^4	0^0^1	0.5^1^2		0.75^3^4	0.666666666667^2^3	0.333333333333^2^6	0.222222222222^2^9	0^0^1	0.8^4^5		0.4^2^5	0.333333333333^1^3			0^0^1	0.666666666667^2^3	0.5^3^6	1.0^2^2	0.5^1^2		0.5^1^2	0.666666666667^2^3		0.333333333333^1^3	0.5^1^2		0^0^3	0.5^1^2	0.333333333333^1^3		0.6^3^5	0.2^1^5		0^0^1		0.666666666667^2^3	0.25^1^4	0.666666666667^2^3	0.428571428571^3^7
97	chrY	14778884	A.to.G	5.0		0.25	0.11785113019728649	0.48380952380940007	0.21353306976236622	2.0	2.0	1.0	5.0	5.0	1.0	7.0	0.24103244438393945	0.23380952380940007	1.0		0.0	0.8^4^5	0^0^1	0^0^1	0.5^1^2		0^0^3	0.5^2^4			0^0^2			0.666666666667^2^3	0.666666666667^2^3	1.0^1^1			0.5^1^2	0.5^1^2	0.5^1^2	1.0^1^1	0^0^1	0^0^4			0.333333333333^1^3	0.5^1^2	0.666666666667^2^3	0^0^1	0.4^2^5		0.333333333333^3^9	0^0^1			0.166666666667^1^6		0.285714285714^2^7	1.0^1^1	1.0^1^1		0.5^1^2	0^0^1	0.5^1^2	0^0^1	0^0^1		0.6^3^5	0.333333333333^2^6	0.5^1^2	1.0^1^1	1.0^2^2	1.0^1^1		0.5^1^2		0^0^1	0.333333333333^1^3	0.5^1^2	0.666666666667^2^3
98	chrY	16855322	A.to.G	5.0	5.0	0.09219114219115386	0.11609436923814961	0.15611772486766667	0.10726096562342305	13.0	6.0	0.46153846153846156	12.0	9.0	0.75	15.0	0.1281053679983678	0.06392658267651281	0.22619464261677175	0.2857142857142857	0.28846153846153844	0.222222222222^2^9	0.166666666667^1^6		0.333333333333^2^6	0^0^1	0^0^6	0.2^1^5		0^0^3	0.25^2^8		0^0^1	0^0^1	0.1^1^10	0.5^1^2	0^0^2			0^0^3	0.2^1^5	0.166666666667^1^6	0^0^4	0.2^1^5		0.2^1^5	0.142857142857^1^7	0^0^4	0.181818181818^2^11	0^0^2	0.333333333333^2^6		0.125^1^8	0^0^8			0^0^5	0^0^7	0^0^11	0^0^3	0^0^1		0^0^5	0^0^4	0^0^2	0^0^3	0.5^1^2		0^0^4	0^0^8	0^0^3	0^0^4	0^0^6	0^0^2		0^0^5	0^0^1	0^0^3	0^0^7	0.25^2^8	0.5^2^4
